offsetRange,pitchSet,oct_list_set,"[C,C#,D,E-,E,F,F#,G,G#,A,B-,B]"
0.0 to 0.875,[0],"['C3', 'C4', 'C5']","[3, 0, 0, 0, 0, 0, 0, 0, 0, 0, 0, 0]"
1.0 to 1.75,"[0, 4]","['C3', 'E4', 'E5']","[1, 0, 0, 0, 2, 0, 0, 0, 0, 0, 0, 0]"
2.0 to 2.875,"[0, 6]","['C3', 'C4', 'F#4', 'F#5']","[2, 0, 0, 0, 0, 0, 2, 0, 0, 0, 0, 0]"
3.0 to 3.875,"[6, 7, 11]","['B2', 'B3', 'F#4', 'F#5', 'G4', 'G5']","[0, 0, 0, 0, 0, 0, 2, 2, 0, 0, 0, 2]"
4.0 to 4.875,"[2, 11]","['B3', 'B4', 'D4', 'D5']","[0, 0, 2, 0, 0, 0, 0, 0, 0, 0, 0, 2]"
5.0 to 5.75,"[2, 7]","['D4', 'D5', 'G3', 'G4']","[0, 0, 2, 0, 0, 0, 0, 2, 0, 0, 0, 0]"
6.0 to 6.875,"[0, 4, 5]","['C4', 'C5', 'E4', 'E5', 'F4', 'F5']","[2, 0, 0, 0, 2, 2, 0, 0, 0, 0, 0, 0]"
7.0 to 7.875,"[5, 9]","['A4', 'A5', 'F3', 'F4', 'F5']","[0, 0, 0, 0, 0, 3, 0, 0, 0, 2, 0, 0]"
8.0 to 8.875,"[0, 2, 6]","['C4', 'C5', 'D4', 'D5', 'F#3', 'F#4']","[2, 0, 2, 0, 0, 0, 2, 0, 0, 0, 0, 0]"
9.0 to 9.875,"[0, 7]","['C4', 'C5', 'G3', 'G4']","[2, 0, 0, 0, 0, 0, 0, 2, 0, 0, 0, 0]"
10.0 to 10.875,"[0, 2]","['C4', 'C5', 'D3', 'D4']","[2, 0, 2, 0, 0, 0, 0, 0, 0, 0, 0, 0]"
11.0 to 11.0,"[7, 11]","['B3', 'B4', 'G2', 'G3']","[0, 0, 0, 0, 0, 0, 0, 2, 0, 0, 0, 2]"
12.0 to 12.25,"[0, 9]","['A3', 'A4', 'C4', 'C5']","[2, 0, 0, 0, 0, 0, 0, 0, 0, 2, 0, 0]"
13.0 to 13.25,"[0, 7]","['C4', 'C5', 'G3', 'G4']","[2, 0, 0, 0, 0, 0, 0, 2, 0, 0, 0, 0]"
14.0 to 14.25,"[0, 5]","['C4', 'C5', 'F3', 'F4']","[2, 0, 0, 0, 0, 2, 0, 0, 0, 0, 0, 0]"
15.0 to 15.875,"[0, 4, 7]","['C4', 'C5', 'E3', 'E4', 'G4', 'G5']","[2, 0, 0, 0, 2, 0, 0, 2, 0, 0, 0, 0]"
16.0 to 16.0,[7],"['G4', 'G5']","[0, 0, 0, 0, 0, 0, 0, 2, 0, 0, 0, 0]"
17.0 to 17.0,"[4, 8]","['E3', 'E4', 'G#4', 'G#5']","[0, 0, 0, 0, 2, 0, 0, 0, 2, 0, 0, 0]"
18.0 to 18.875,"[0, 5, 9, 11]","['A4', 'A5', 'B4', 'B5', 'C5', 'C6', 'F3', 'F4']","[2, 0, 0, 0, 0, 2, 0, 0, 0, 2, 0, 2]"
19.0 to 19.875,"[0, 9]","['A3', 'A4', 'C5', 'C6']","[2, 0, 0, 0, 0, 0, 0, 0, 0, 2, 0, 0]"
20.0 to 20.875,"[0, 5, 9, 11]","['A4', 'A5', 'B4', 'B5', 'C5', 'C6', 'F3', 'F4']","[2, 0, 0, 0, 0, 2, 0, 0, 0, 2, 0, 2]"
21.0 to 21.0,"[4, 7]","['E3', 'E4', 'G4', 'G5']","[0, 0, 0, 0, 2, 0, 0, 2, 0, 0, 0, 0]"
22.0 to 22.0,"[0, 5]","['C4', 'C5', 'F3', 'F4']","[2, 0, 0, 0, 0, 2, 0, 0, 0, 0, 0, 0]"
23.0 to 23.875,"[0, 7, 9, 11]","['A3', 'A4', 'B3', 'B4', 'C4', 'C5', 'G3', 'G4']","[2, 0, 0, 0, 0, 0, 0, 2, 0, 2, 0, 2]"
24.0 to 24.875,"[0, 11]","['B3', 'B4', 'C3', 'C4']","[2, 0, 0, 0, 0, 0, 0, 0, 0, 0, 0, 2]"
25.0 to 25.0,"[0, 7]","['C4', 'C5', 'G2', 'G3']","[2, 0, 0, 0, 0, 0, 0, 2, 0, 0, 0, 0]"
26.0 to 26.0,[0],"['C2', 'C3']","[2, 0, 0, 0, 0, 0, 0, 0, 0, 0, 0, 0]"
27.0 to 27.875,[0],"['C3', 'C4', 'C5']","[3, 0, 0, 0, 0, 0, 0, 0, 0, 0, 0, 0]"
28.0 to 28.75,"[0, 4]","['C3', 'E4', 'E5']","[1, 0, 0, 0, 2, 0, 0, 0, 0, 0, 0, 0]"
29.0 to 29.875,"[0, 6]","['C3', 'C4', 'F#4', 'F#5']","[2, 0, 0, 0, 0, 0, 2, 0, 0, 0, 0, 0]"
30.0 to 30.875,"[6, 7, 11]","['B2', 'B3', 'F#4', 'F#5', 'G4', 'G5']","[0, 0, 0, 0, 0, 0, 2, 2, 0, 0, 0, 2]"
31.0 to 31.875,"[2, 11]","['B3', 'B4', 'D4', 'D5']","[0, 0, 2, 0, 0, 0, 0, 0, 0, 0, 0, 2]"
32.0 to 32.75,"[2, 7]","['D4', 'D5', 'G3', 'G4']","[0, 0, 2, 0, 0, 0, 0, 2, 0, 0, 0, 0]"
33.0 to 33.875,"[0, 4, 5]","['C4', 'C5', 'E4', 'E5', 'F4', 'F5']","[2, 0, 0, 0, 2, 2, 0, 0, 0, 0, 0, 0]"
34.0 to 34.875,"[5, 9]","['A4', 'A5', 'F3', 'F4', 'F5']","[0, 0, 0, 0, 0, 3, 0, 0, 0, 2, 0, 0]"
35.0 to 35.875,"[0, 2, 6]","['C4', 'C5', 'D4', 'D5', 'F#3', 'F#4']","[2, 0, 2, 0, 0, 0, 2, 0, 0, 0, 0, 0]"
36.0 to 36.875,"[0, 7]","['C4', 'C5', 'G3', 'G4']","[2, 0, 0, 0, 0, 0, 0, 2, 0, 0, 0, 0]"
37.0 to 37.875,"[0, 2]","['C4', 'C5', 'D3', 'D4']","[2, 0, 2, 0, 0, 0, 0, 0, 0, 0, 0, 0]"
38.0 to 38.0,"[7, 11]","['B3', 'B4', 'G2', 'G3']","[0, 0, 0, 0, 0, 0, 0, 2, 0, 0, 0, 2]"
39.0 to 39.25,"[0, 9]","['A3', 'A4', 'C4', 'C5']","[2, 0, 0, 0, 0, 0, 0, 0, 0, 2, 0, 0]"
40.0 to 40.25,"[0, 7]","['C4', 'C5', 'G3', 'G4']","[2, 0, 0, 0, 0, 0, 0, 2, 0, 0, 0, 0]"
41.0 to 41.25,"[0, 5]","['C4', 'C5', 'F3', 'F4']","[2, 0, 0, 0, 0, 2, 0, 0, 0, 0, 0, 0]"
42.0 to 42.875,"[0, 4, 7]","['C4', 'C5', 'E3', 'E4', 'G4', 'G5']","[2, 0, 0, 0, 2, 0, 0, 2, 0, 0, 0, 0]"
43.0 to 43.0,[7],"['G4', 'G5']","[0, 0, 0, 0, 0, 0, 0, 2, 0, 0, 0, 0]"
44.0 to 44.0,"[4, 8]","['E3', 'E4', 'G#4', 'G#5']","[0, 0, 0, 0, 2, 0, 0, 0, 2, 0, 0, 0]"
45.0 to 45.875,"[0, 5, 9, 11]","['A4', 'A5', 'B4', 'B5', 'C5', 'C6', 'F3', 'F4']","[2, 0, 0, 0, 0, 2, 0, 0, 0, 2, 0, 2]"
46.0 to 46.875,"[0, 9]","['A3', 'A4', 'C5', 'C6']","[2, 0, 0, 0, 0, 0, 0, 0, 0, 2, 0, 0]"
47.0 to 47.875,"[0, 5, 9, 11]","['A4', 'A5', 'B4', 'B5', 'C5', 'C6', 'F3', 'F4']","[2, 0, 0, 0, 0, 2, 0, 0, 0, 2, 0, 2]"
48.0 to 48.0,"[4, 7]","['E3', 'E4', 'G4', 'G5']","[0, 0, 0, 0, 2, 0, 0, 2, 0, 0, 0, 0]"
49.0 to 49.0,"[0, 5]","['C4', 'C5', 'F3', 'F4']","[2, 0, 0, 0, 0, 2, 0, 0, 0, 0, 0, 0]"
50.0 to 50.875,"[0, 7, 9, 11]","['A3', 'A4', 'B3', 'B4', 'C4', 'C5', 'G3', 'G4']","[2, 0, 0, 0, 0, 0, 0, 2, 0, 2, 0, 2]"
51.0 to 51.875,"[0, 11]","['B3', 'B4', 'C3', 'C4']","[2, 0, 0, 0, 0, 0, 0, 0, 0, 0, 0, 2]"
52.0 to 52.0,"[0, 7]","['C4', 'C5', 'G2', 'G3']","[2, 0, 0, 0, 0, 0, 0, 2, 0, 0, 0, 0]"
53.0 to 53.0,[0],"['C2', 'C3']","[2, 0, 0, 0, 0, 0, 0, 0, 0, 0, 0, 0]"
54.0 to 54.0,[7],"['G3', 'G4', 'G5']","[0, 0, 0, 0, 0, 0, 0, 3, 0, 0, 0, 0]"
55.0 to 55.0,"[4, 7]","['E3', 'E4', 'G4', 'G5']","[0, 0, 0, 0, 2, 0, 0, 2, 0, 0, 0, 0]"
56.0 to 56.0,"[2, 7]","['D3', 'D4', 'G4', 'G5']","[0, 0, 2, 0, 0, 0, 0, 2, 0, 0, 0, 0]"
57.0 to 57.875,"[1, 7, 10]","['B-4', 'B-5', 'C#3', 'C#4', 'G4', 'G5']","[0, 2, 0, 0, 0, 0, 0, 2, 0, 0, 2, 0]"
58.0 to 58.0,[10],"['B-4', 'B-5']","[0, 0, 0, 0, 0, 0, 0, 0, 0, 0, 2, 0]"
59.0 to 59.875,"[1, 7, 9, 10]","['A4', 'A5', 'B-4', 'B-5', 'C#4', 'C#5', 'G4', 'G5']","[0, 2, 0, 0, 0, 0, 0, 2, 0, 2, 2, 0]"
60.0 to 60.875,"[2, 5]","['D4', 'D5', 'F4', 'F5']","[0, 0, 2, 0, 0, 2, 0, 0, 0, 0, 0, 0]"
61.0 to 61.875,"[4, 7]","['E4', 'E5', 'G3', 'G4']","[0, 0, 0, 0, 2, 0, 0, 2, 0, 0, 0, 0]"
62.0 to 62.0,"[2, 10]","['B-3', 'B-4', 'D4', 'D5']","[0, 0, 2, 0, 0, 0, 0, 0, 0, 0, 2, 0]"
63.0 to 63.875,"[2, 9]","['A3', 'A4', 'D4', 'D5']","[0, 0, 2, 0, 0, 0, 0, 0, 0, 2, 0, 0]"
64.0 to 64.875,"[2, 4]","['D4', 'D5', 'E3', 'E4']","[0, 0, 2, 0, 2, 0, 0, 0, 0, 0, 0, 0]"
65.0 to 65.0,"[1, 9]","['A2', 'A3', 'C#4', 'C#5']","[0, 2, 0, 0, 0, 0, 0, 0, 0, 2, 0, 0]"
66.0 to 66.0,[9],"['A3', 'A4']","[0, 0, 0, 0, 0, 0, 0, 0, 0, 2, 0, 0]"
67.0 to 67.875,"[7, 10]","['B-3', 'B-4', 'G3', 'G4']","[0, 0, 0, 0, 0, 0, 0, 2, 0, 0, 2, 0]"
68.0 to 68.0,"[1, 4]","['C#4', 'C#5', 'E3', 'E4']","[0, 2, 0, 0, 2, 0, 0, 0, 0, 0, 0, 0]"
69.0 to 69.0,"[1, 5]","['C#4', 'C#5', 'F3', 'F4']","[0, 2, 0, 0, 0, 2, 0, 0, 0, 0, 0, 0]"
70.0 to 70.5,"[1, 2, 4, 5]","['C#3', 'C#4', 'D4', 'D5', 'E4', 'E5', 'F3', 'F4']","[0, 2, 2, 0, 2, 2, 0, 0, 0, 0, 0, 0]"
71.0 to 71.5,"[2, 4, 5, 7]","['D3', 'D4', 'E3', 'E4', 'F4', 'F5', 'G4', 'G5']","[0, 0, 2, 0, 2, 2, 0, 2, 0, 0, 0, 0]"
72.0 to 72.0,"[5, 9]","['A4', 'A5', 'F3', 'F4']","[0, 0, 0, 0, 0, 2, 0, 0, 0, 2, 0, 0]"
73.0 to 73.0,"[2, 7]","['D4', 'D5', 'G3', 'G4']","[0, 0, 2, 0, 0, 0, 0, 2, 0, 0, 0, 0]"
74.0 to 74.0,"[1, 9]","['A3', 'A4', 'C#4', 'C#5']","[0, 2, 0, 0, 0, 0, 0, 0, 0, 2, 0, 0]"
75.0 to 75.875,"[1, 2]","['C#4', 'C#5', 'D3', 'D4']","[0, 2, 2, 0, 0, 0, 0, 0, 0, 0, 0, 0]"
76.0 to 76.0,"[2, 9]","['A2', 'A3', 'D4', 'D5']","[0, 0, 2, 0, 0, 0, 0, 0, 0, 2, 0, 0]"
77.0 to 77.0,[2],"['D2', 'D3']","[0, 0, 2, 0, 0, 0, 0, 0, 0, 0, 0, 0]"
78.0 to 78.25,"[2, 5]","['D4', 'D5', 'F4', 'F5']","[0, 0, 2, 0, 0, 2, 0, 0, 0, 0, 0, 0]"
79.0 to 79.25,"[5, 11]","['B3', 'B4', 'F4', 'F5']","[0, 0, 0, 0, 0, 2, 0, 0, 0, 0, 0, 2]"
80.0 to 80.25,"[5, 7]","['F4', 'F5', 'G3', 'G4']","[0, 0, 0, 0, 0, 2, 0, 2, 0, 0, 0, 0]"
81.0 to 81.875,"[0, 4, 5]","['C4', 'C5', 'E4', 'E5', 'F4', 'F5']","[2, 0, 0, 0, 2, 2, 0, 0, 0, 0, 0, 0]"
82.0 to 82.66666667,"[0, 9, 11]","['A4', 'A5', 'B4', 'B5', 'C5', 'C6']","[2, 0, 0, 0, 0, 0, 0, 0, 0, 2, 0, 2]"
83.0 to 83.0,[7],"['G4', 'G5']","[0, 0, 0, 0, 0, 0, 0, 2, 0, 0, 0, 0]"
84.0 to 84.875,"[2, 5, 7]","['D4', 'D5', 'F4', 'F5', 'G4', 'G5']","[0, 0, 2, 0, 0, 2, 0, 2, 0, 0, 0, 0]"
85.0 to 85.25,"[5, 11]","['B3', 'B4', 'F4', 'F5']","[0, 0, 0, 0, 0, 2, 0, 0, 0, 0, 0, 2]"
86.0 to 86.25,"[5, 7]","['F4', 'F5', 'G3', 'G4']","[0, 0, 0, 0, 0, 2, 0, 2, 0, 0, 0, 0]"
87.0 to 87.875,"[0, 4, 5]","['C4', 'C5', 'E4', 'E5', 'F4', 'F5']","[2, 0, 0, 0, 2, 2, 0, 0, 0, 0, 0, 0]"
88.0 to 88.66666667,"[0, 9, 11]","['A4', 'A5', 'B4', 'B5', 'C5', 'C6']","[2, 0, 0, 0, 0, 0, 0, 0, 0, 2, 0, 2]"
89.0 to 89.0,[7],"['G4', 'G5']","[0, 0, 0, 0, 0, 0, 0, 2, 0, 0, 0, 0]"
90.0 to 90.0,"[4, 7]","['E3', 'E4', 'G4', 'G5']","[0, 0, 0, 0, 2, 0, 0, 2, 0, 0, 0, 0]"
91.0 to 91.875,"[4, 5]","['E4', 'E5', 'F3', 'F4', 'F5']","[0, 0, 0, 0, 2, 3, 0, 0, 0, 0, 0, 0]"
92.0 to 92.875,"[0, 2, 6]","['C4', 'C5', 'D4', 'D5', 'F#3', 'F#4']","[2, 0, 2, 0, 0, 0, 2, 0, 0, 0, 0, 0]"
93.0 to 93.0,[7],"['G3', 'G4']","[0, 0, 0, 0, 0, 0, 0, 2, 0, 0, 0, 0]"
94.0 to 94.5,"[5, 7]","['F3', 'F4', 'G3', 'G4']","[0, 0, 0, 0, 0, 2, 0, 2, 0, 0, 0, 0]"
95.0 to 95.5,"[2, 4]","['D3', 'D4', 'E3', 'E4']","[0, 0, 2, 0, 2, 0, 0, 0, 0, 0, 0, 0]"
96.0 to 96.875,[0],"['C3', 'C4', 'C5']","[3, 0, 0, 0, 0, 0, 0, 0, 0, 0, 0, 0]"
97.0 to 97.75,"[0, 4]","['C3', 'E4', 'E5']","[1, 0, 0, 0, 2, 0, 0, 0, 0, 0, 0, 0]"
98.0 to 98.875,"[0, 6]","['C3', 'C4', 'F#4', 'F#5']","[2, 0, 0, 0, 0, 0, 2, 0, 0, 0, 0, 0]"
99.0 to 99.875,"[6, 7, 11]","['B2', 'B3', 'F#4', 'F#5', 'G4', 'G5']","[0, 0, 0, 0, 0, 0, 2, 2, 0, 0, 0, 2]"
100.0 to 100.875,"[2, 11]","['B3', 'B4', 'D4', 'D5']","[0, 0, 2, 0, 0, 0, 0, 0, 0, 0, 0, 2]"
101.0 to 101.75,"[2, 7]","['D4', 'D5', 'G3', 'G4']","[0, 0, 2, 0, 0, 0, 0, 2, 0, 0, 0, 0]"
102.0 to 102.875,"[0, 4, 5]","['C4', 'C5', 'E4', 'E5', 'F4', 'F5']","[2, 0, 0, 0, 2, 2, 0, 0, 0, 0, 0, 0]"
103.0 to 103.875,"[5, 9]","['A4', 'A5', 'F3', 'F4', 'F5']","[0, 0, 0, 0, 0, 3, 0, 0, 0, 2, 0, 0]"
104.0 to 104.875,"[0, 2, 6]","['C4', 'C5', 'D4', 'D5', 'F#3', 'F#4']","[2, 0, 2, 0, 0, 0, 2, 0, 0, 0, 0, 0]"
105.0 to 105.875,"[0, 7]","['C4', 'C5', 'G3', 'G4']","[2, 0, 0, 0, 0, 0, 0, 2, 0, 0, 0, 0]"
106.0 to 106.875,"[0, 2]","['C4', 'C5', 'D3', 'D4']","[2, 0, 2, 0, 0, 0, 0, 0, 0, 0, 0, 0]"
107.0 to 107.0,"[7, 11]","['B3', 'B4', 'G2', 'G3']","[0, 0, 0, 0, 0, 0, 0, 2, 0, 0, 0, 2]"
108.0 to 108.25,"[0, 9]","['A3', 'A4', 'C4', 'C5']","[2, 0, 0, 0, 0, 0, 0, 0, 0, 2, 0, 0]"
109.0 to 109.25,"[0, 7]","['C4', 'C5', 'G3', 'G4']","[2, 0, 0, 0, 0, 0, 0, 2, 0, 0, 0, 0]"
110.0 to 110.25,"[0, 5]","['C4', 'C5', 'F3', 'F4']","[2, 0, 0, 0, 0, 2, 0, 0, 0, 0, 0, 0]"
111.0 to 111.875,"[0, 4, 7]","['C4', 'C5', 'E3', 'E4', 'G4', 'G5']","[2, 0, 0, 0, 2, 0, 0, 2, 0, 0, 0, 0]"
112.0 to 112.0,[7],"['G4', 'G5']","[0, 0, 0, 0, 0, 0, 0, 2, 0, 0, 0, 0]"
113.0 to 113.0,"[4, 8]","['E3', 'E4', 'G#4', 'G#5']","[0, 0, 0, 0, 2, 0, 0, 0, 2, 0, 0, 0]"
114.0 to 114.875,"[0, 5, 9, 11]","['A4', 'A5', 'B4', 'B5', 'C5', 'C6', 'F3', 'F4']","[2, 0, 0, 0, 0, 2, 0, 0, 0, 2, 0, 2]"
115.0 to 115.875,"[0, 9]","['A3', 'A4', 'C5', 'C6']","[2, 0, 0, 0, 0, 0, 0, 0, 0, 2, 0, 0]"
116.0 to 116.875,"[0, 5, 9, 11]","['A4', 'A5', 'B4', 'B5', 'C5', 'C6', 'F3', 'F4']","[2, 0, 0, 0, 0, 2, 0, 0, 0, 2, 0, 2]"
117.0 to 117.0,"[4, 7]","['E3', 'E4', 'G4', 'G5']","[0, 0, 0, 0, 2, 0, 0, 2, 0, 0, 0, 0]"
118.0 to 118.0,"[0, 5]","['C4', 'C5', 'F3', 'F4']","[2, 0, 0, 0, 0, 2, 0, 0, 0, 0, 0, 0]"
119.0 to 119.875,"[0, 7, 9, 11]","['A3', 'A4', 'B3', 'B4', 'C4', 'C5', 'G3', 'G4']","[2, 0, 0, 0, 0, 0, 0, 2, 0, 2, 0, 2]"
120.0 to 120.875,"[0, 11]","['B3', 'B4', 'C3', 'C4']","[2, 0, 0, 0, 0, 0, 0, 0, 0, 0, 0, 2]"
121.0 to 121.0,[0],"['C2', 'C3', 'C4', 'C5']","[4, 0, 0, 0, 0, 0, 0, 0, 0, 0, 0, 0]"
123.0 to 123.0,[7],"['G3', 'G4', 'G5']","[0, 0, 0, 0, 0, 0, 0, 3, 0, 0, 0, 0]"
124.0 to 124.0,"[4, 7]","['E3', 'E4', 'G4', 'G5']","[0, 0, 0, 0, 2, 0, 0, 2, 0, 0, 0, 0]"
125.0 to 125.0,"[2, 7]","['D3', 'D4', 'G4', 'G5']","[0, 0, 2, 0, 0, 0, 0, 2, 0, 0, 0, 0]"
126.0 to 126.875,"[1, 7, 10]","['B-4', 'B-5', 'C#3', 'C#4', 'G4', 'G5']","[0, 2, 0, 0, 0, 0, 0, 2, 0, 0, 2, 0]"
127.0 to 127.0,[10],"['B-4', 'B-5']","[0, 0, 0, 0, 0, 0, 0, 0, 0, 0, 2, 0]"
128.0 to 128.875,"[1, 7, 9, 10]","['A4', 'A5', 'B-4', 'B-5', 'C#4', 'C#5', 'G4', 'G5']","[0, 2, 0, 0, 0, 0, 0, 2, 0, 2, 2, 0]"
129.0 to 129.875,"[2, 5]","['D4', 'D5', 'F4', 'F5']","[0, 0, 2, 0, 0, 2, 0, 0, 0, 0, 0, 0]"
130.0 to 130.875,"[4, 7]","['E4', 'E5', 'G3', 'G4']","[0, 0, 0, 0, 2, 0, 0, 2, 0, 0, 0, 0]"
131.0 to 131.0,"[2, 10]","['B-3', 'B-4', 'D4', 'D5']","[0, 0, 2, 0, 0, 0, 0, 0, 0, 0, 2, 0]"
132.0 to 132.875,"[2, 9]","['A3', 'A4', 'D4', 'D5']","[0, 0, 2, 0, 0, 0, 0, 0, 0, 2, 0, 0]"
133.0 to 133.875,"[2, 4]","['D4', 'D5', 'E3', 'E4']","[0, 0, 2, 0, 2, 0, 0, 0, 0, 0, 0, 0]"
134.0 to 134.0,"[1, 9]","['A2', 'A3', 'C#4', 'C#5']","[0, 2, 0, 0, 0, 0, 0, 0, 0, 2, 0, 0]"
135.0 to 135.0,[9],"['A3', 'A4']","[0, 0, 0, 0, 0, 0, 0, 0, 0, 2, 0, 0]"
136.0 to 136.875,"[7, 10]","['B-3', 'B-4', 'G3', 'G4']","[0, 0, 0, 0, 0, 0, 0, 2, 0, 0, 2, 0]"
137.0 to 137.0,"[1, 4]","['C#4', 'C#5', 'E3', 'E4']","[0, 2, 0, 0, 2, 0, 0, 0, 0, 0, 0, 0]"
138.0 to 138.0,"[1, 5]","['C#4', 'C#5', 'F3', 'F4']","[0, 2, 0, 0, 0, 2, 0, 0, 0, 0, 0, 0]"
139.0 to 139.5,"[1, 2, 4, 5]","['C#3', 'C#4', 'D4', 'D5', 'E4', 'E5', 'F3', 'F4']","[0, 2, 2, 0, 2, 2, 0, 0, 0, 0, 0, 0]"
140.0 to 140.5,"[2, 4, 5, 7]","['D3', 'D4', 'E3', 'E4', 'F4', 'F5', 'G4', 'G5']","[0, 0, 2, 0, 2, 2, 0, 2, 0, 0, 0, 0]"
141.0 to 141.0,"[5, 9]","['A4', 'A5', 'F3', 'F4']","[0, 0, 0, 0, 0, 2, 0, 0, 0, 2, 0, 0]"
142.0 to 142.0,"[2, 7]","['D4', 'D5', 'G3', 'G4']","[0, 0, 2, 0, 0, 0, 0, 2, 0, 0, 0, 0]"
143.0 to 143.0,"[1, 9]","['A3', 'A4', 'C#4', 'C#5']","[0, 2, 0, 0, 0, 0, 0, 0, 0, 2, 0, 0]"
144.0 to 144.875,"[1, 2]","['C#4', 'C#5', 'D3', 'D4']","[0, 2, 2, 0, 0, 0, 0, 0, 0, 0, 0, 0]"
145.0 to 145.0,"[2, 9]","['A2', 'A3', 'D4', 'D5']","[0, 0, 2, 0, 0, 0, 0, 0, 0, 2, 0, 0]"
146.0 to 146.0,[2],"['D2', 'D3']","[0, 0, 2, 0, 0, 0, 0, 0, 0, 0, 0, 0]"
147.0 to 147.25,"[2, 5]","['D4', 'D5', 'F4', 'F5']","[0, 0, 2, 0, 0, 2, 0, 0, 0, 0, 0, 0]"
148.0 to 148.25,"[5, 11]","['B3', 'B4', 'F4', 'F5']","[0, 0, 0, 0, 0, 2, 0, 0, 0, 0, 0, 2]"
149.0 to 149.25,"[5, 7]","['F4', 'F5', 'G3', 'G4']","[0, 0, 0, 0, 0, 2, 0, 2, 0, 0, 0, 0]"
150.0 to 150.875,"[0, 4, 5]","['C4', 'C5', 'E4', 'E5', 'F4', 'F5']","[2, 0, 0, 0, 2, 2, 0, 0, 0, 0, 0, 0]"
151.0 to 151.66666669999998,"[0, 9, 11]","['A4', 'A5', 'B4', 'B5', 'C5', 'C6']","[2, 0, 0, 0, 0, 0, 0, 0, 0, 2, 0, 2]"
152.0 to 152.0,[7],"['G4', 'G5']","[0, 0, 0, 0, 0, 0, 0, 2, 0, 0, 0, 0]"
153.0 to 153.875,"[2, 5, 7]","['D4', 'D5', 'F4', 'F5', 'G4', 'G5']","[0, 0, 2, 0, 0, 2, 0, 2, 0, 0, 0, 0]"
154.0 to 154.25,"[5, 11]","['B3', 'B4', 'F4', 'F5']","[0, 0, 0, 0, 0, 2, 0, 0, 0, 0, 0, 2]"
155.0 to 155.25,"[5, 7]","['F4', 'F5', 'G3', 'G4']","[0, 0, 0, 0, 0, 2, 0, 2, 0, 0, 0, 0]"
156.0 to 156.875,"[0, 4, 5]","['C4', 'C5', 'E4', 'E5', 'F4', 'F5']","[2, 0, 0, 0, 2, 2, 0, 0, 0, 0, 0, 0]"
157.0 to 157.66666669999998,"[0, 9, 11]","['A4', 'A5', 'B4', 'B5', 'C5', 'C6']","[2, 0, 0, 0, 0, 0, 0, 0, 0, 2, 0, 2]"
158.0 to 158.0,[7],"['G4', 'G5']","[0, 0, 0, 0, 0, 0, 0, 2, 0, 0, 0, 0]"
159.0 to 159.0,"[4, 7]","['E3', 'E4', 'G4', 'G5']","[0, 0, 0, 0, 2, 0, 0, 2, 0, 0, 0, 0]"
160.0 to 160.875,"[4, 5]","['E4', 'E5', 'F3', 'F4', 'F5']","[0, 0, 0, 0, 2, 3, 0, 0, 0, 0, 0, 0]"
161.0 to 161.875,"[0, 2, 6]","['C4', 'C5', 'D4', 'D5', 'F#3', 'F#4']","[2, 0, 2, 0, 0, 0, 2, 0, 0, 0, 0, 0]"
162.0 to 162.0,[7],"['G3', 'G4']","[0, 0, 0, 0, 0, 0, 0, 2, 0, 0, 0, 0]"
163.0 to 163.5,"[5, 7]","['F3', 'F4', 'G3', 'G4']","[0, 0, 0, 0, 0, 2, 0, 2, 0, 0, 0, 0]"
164.0 to 164.5,"[2, 4]","['D3', 'D4', 'E3', 'E4']","[0, 0, 2, 0, 2, 0, 0, 0, 0, 0, 0, 0]"
165.0 to 165.875,[0],"['C3', 'C4', 'C5']","[3, 0, 0, 0, 0, 0, 0, 0, 0, 0, 0, 0]"
166.0 to 166.75,"[0, 4]","['C3', 'E4', 'E5']","[1, 0, 0, 0, 2, 0, 0, 0, 0, 0, 0, 0]"
167.0 to 167.875,"[0, 6]","['C3', 'C4', 'F#4', 'F#5']","[2, 0, 0, 0, 0, 0, 2, 0, 0, 0, 0, 0]"
168.0 to 168.875,"[6, 7, 11]","['B2', 'B3', 'F#4', 'F#5', 'G4', 'G5']","[0, 0, 0, 0, 0, 0, 2, 2, 0, 0, 0, 2]"
169.0 to 169.875,"[2, 11]","['B3', 'B4', 'D4', 'D5']","[0, 0, 2, 0, 0, 0, 0, 0, 0, 0, 0, 2]"
170.0 to 170.75,"[2, 7]","['D4', 'D5', 'G3', 'G4']","[0, 0, 2, 0, 0, 0, 0, 2, 0, 0, 0, 0]"
171.0 to 171.875,"[0, 4, 5]","['C4', 'C5', 'E4', 'E5', 'F4', 'F5']","[2, 0, 0, 0, 2, 2, 0, 0, 0, 0, 0, 0]"
172.0 to 172.875,"[5, 9]","['A4', 'A5', 'F3', 'F4', 'F5']","[0, 0, 0, 0, 0, 3, 0, 0, 0, 2, 0, 0]"
173.0 to 173.875,"[0, 2, 6]","['C4', 'C5', 'D4', 'D5', 'F#3', 'F#4']","[2, 0, 2, 0, 0, 0, 2, 0, 0, 0, 0, 0]"
174.0 to 174.875,"[0, 7]","['C4', 'C5', 'G3', 'G4']","[2, 0, 0, 0, 0, 0, 0, 2, 0, 0, 0, 0]"
175.0 to 175.875,"[0, 2]","['C4', 'C5', 'D3', 'D4']","[2, 0, 2, 0, 0, 0, 0, 0, 0, 0, 0, 0]"
176.0 to 176.0,"[7, 11]","['B3', 'B4', 'G2', 'G3']","[0, 0, 0, 0, 0, 0, 0, 2, 0, 0, 0, 2]"
177.0 to 177.25,"[0, 9]","['A3', 'A4', 'C4', 'C5']","[2, 0, 0, 0, 0, 0, 0, 0, 0, 2, 0, 0]"
178.0 to 178.25,"[0, 7]","['C4', 'C5', 'G3', 'G4']","[2, 0, 0, 0, 0, 0, 0, 2, 0, 0, 0, 0]"
179.0 to 179.25,"[0, 5]","['C4', 'C5', 'F3', 'F4']","[2, 0, 0, 0, 0, 2, 0, 0, 0, 0, 0, 0]"
180.0 to 180.875,"[0, 4, 7]","['C4', 'C5', 'E3', 'E4', 'G4', 'G5']","[2, 0, 0, 0, 2, 0, 0, 2, 0, 0, 0, 0]"
181.0 to 181.0,[7],"['G4', 'G5']","[0, 0, 0, 0, 0, 0, 0, 2, 0, 0, 0, 0]"
182.0 to 182.0,"[4, 8]","['E3', 'E4', 'G#4', 'G#5']","[0, 0, 0, 0, 2, 0, 0, 0, 2, 0, 0, 0]"
183.0 to 183.875,"[0, 5, 9, 11]","['A4', 'A5', 'B4', 'B5', 'C5', 'C6', 'F3', 'F4']","[2, 0, 0, 0, 0, 2, 0, 0, 0, 2, 0, 2]"
184.0 to 184.875,"[0, 9]","['A3', 'A4', 'C5', 'C6']","[2, 0, 0, 0, 0, 0, 0, 0, 0, 2, 0, 0]"
185.0 to 185.875,"[0, 5, 9, 11]","['A4', 'A5', 'B4', 'B5', 'C5', 'C6', 'F3', 'F4']","[2, 0, 0, 0, 0, 2, 0, 0, 0, 2, 0, 2]"
186.0 to 186.0,"[4, 7]","['E3', 'E4', 'G4', 'G5']","[0, 0, 0, 0, 2, 0, 0, 2, 0, 0, 0, 0]"
187.0 to 187.0,"[0, 5]","['C4', 'C5', 'F3', 'F4']","[2, 0, 0, 0, 0, 2, 0, 0, 0, 0, 0, 0]"
188.0 to 188.875,"[0, 7, 9, 11]","['A3', 'A4', 'B3', 'B4', 'C4', 'C5', 'G3', 'G4']","[2, 0, 0, 0, 0, 0, 0, 2, 0, 2, 0, 2]"
189.0 to 189.0,"[0, 11]","['B3', 'B4', 'C3', 'C4']","[2, 0, 0, 0, 0, 0, 0, 0, 0, 0, 0, 2]"
190.0 to 190.75,[0],"['C3', 'C4', 'C5']","[3, 0, 0, 0, 0, 0, 0, 0, 0, 0, 0, 0]"
