offset,Chord,NormalForm,PCsInNormalForm,GlobalScaleDegrees,HighestPitch,LowestPitch,file,Composer,LocalTonic,LocalMode,LocalSDForm_BassSD,Confidence,octScalePitch,offsetRange,pitchSet,oct_list_set,"[C,C#,D,E-,E,F,F#,G,G#,A,B-,B]"
120.0,<music21.chord.Chord G3>,[0],[7],[5],55,55,String Quartet Op1 No3 ii D major.mid,Haydn,7,major,[0]_0,0.875674597,['G3'],120.0 to 120.0,[7],['G3'],"[0, 0, 0, 0, 0, 0, 0, 1, 0, 0, 0, 0]"
121.0,<music21.chord.Chord D5>,[0],[2],[0],74,74,String Quartet Op1 No3 ii D major.mid,Haydn,7,major,[7]_7,0.875674597,['D5'],121.0 to 121.0,[2],['D5'],"[0, 0, 1, 0, 0, 0, 0, 0, 0, 0, 0, 0]"
122.0,<music21.chord.Chord B4>,[0],[11],[9],71,71,String Quartet Op1 No3 ii D major.mid,Haydn,7,major,[4]_4,0.875674597,['B4'],122.0 to 122.0,[11],['B4'],"[0, 0, 0, 0, 0, 0, 0, 0, 0, 0, 0, 1]"
123.0,<music21.chord.Chord D4>,[0],[2],[0],62,62,String Quartet Op1 No3 ii D major.mid,Haydn,7,major,[7]_7,0.875674597,['D4'],123.0 to 123.0,[2],['D4'],"[0, 0, 1, 0, 0, 0, 0, 0, 0, 0, 0, 0]"
124.0,<music21.chord.Chord C5>,[0],[0],[10],72,72,String Quartet Op1 No3 ii D major.mid,Haydn,7,major,[5]_5,0.875674597,['C5'],124.0 to 124.0,[0],['C5'],"[1, 0, 0, 0, 0, 0, 0, 0, 0, 0, 0, 0]"
125.0,<music21.chord.Chord A4>,[0],[9],[7],69,69,String Quartet Op1 No3 ii D major.mid,Haydn,7,major,[2]_2,0.875674597,['A4'],125.0 to 125.0,[9],['A4'],"[0, 0, 0, 0, 0, 0, 0, 0, 0, 1, 0, 0]"
126.0,<music21.chord.Chord E4>,[0],[4],[2],64,64,String Quartet Op1 No3 ii D major.mid,Haydn,7,major,[9]_9,0.875674597,['E4'],126.0 to 126.0,[4],['E4'],"[0, 0, 0, 0, 1, 0, 0, 0, 0, 0, 0, 0]"
127.0,<music21.chord.Chord G5>,[0],[7],[5],79,79,String Quartet Op1 No3 ii D major.mid,Haydn,7,major,[0]_0,0.875674597,['G5'],127.0 to 127.5,"[4, 7]","['E5', 'G5']","[0, 0, 0, 0, 1, 0, 0, 1, 0, 0, 0, 0]"
127.5,<music21.chord.Chord E5>,[0],[4],[2],76,76,String Quartet Op1 No3 ii D major.mid,Haydn,7,major,[9]_9,0.861839427,['E5'],127.0 to 127.5,"[4, 7]","['E5', 'G5']","[0, 0, 0, 0, 1, 0, 0, 1, 0, 0, 0, 0]"
128.0,<music21.chord.Chord D5>,[0],[2],[0],74,74,String Quartet Op1 No3 ii D major.mid,Haydn,7,major,[7]_7,0.861839427,['D5'],128.0 to 128.5,"[0, 2]","['C5', 'D5']","[1, 0, 1, 0, 0, 0, 0, 0, 0, 0, 0, 0]"
128.5,<music21.chord.Chord C5>,[0],[0],[10],72,72,String Quartet Op1 No3 ii D major.mid,Haydn,7,major,[5]_5,0.849401313,['C5'],128.0 to 128.5,"[0, 2]","['C5', 'D5']","[1, 0, 1, 0, 0, 0, 0, 0, 0, 0, 0, 0]"
129.0,<music21.chord.Chord B4>,[0],[11],[9],71,71,String Quartet Op1 No3 ii D major.mid,Haydn,7,major,[4]_4,0.849401313,['B4'],129.0 to 129.0,[11],['B4'],"[0, 0, 0, 0, 0, 0, 0, 0, 0, 0, 0, 1]"
130.0,<music21.chord.Chord A4>,[0],[9],[7],69,69,String Quartet Op1 No3 ii D major.mid,Haydn,7,major,[2]_2,0.8590204229999999,['A4'],130.0 to 130.0,[9],['A4'],"[0, 0, 0, 0, 0, 0, 0, 0, 0, 1, 0, 0]"
132.0,<music21.chord.Chord C6 D4 F#4 D3>,"[0, 2, 6]","[0, 2, 6]","[10, 0, 4]",84,50,String Quartet Op1 No3 ii D major.mid,Haydn,7,major,"[5, 7, 11]_7",0.8590204229999999,"['C6', 'D4', 'F#4', 'D3']",132.0 to 132.5,"[0, 2, 6]","['C6', 'D3', 'D4', 'F#4']","[1, 0, 2, 0, 0, 0, 1, 0, 0, 0, 0, 0]"
132.5,<music21.chord.Chord C6 F#4 D3>,"[0, 2, 6]","[0, 2, 6]","[10, 0, 4]",84,50,String Quartet Op1 No3 ii D major.mid,Haydn,7,major,"[5, 7, 11]_7",0.919321743,"['C6', 'F#4', 'D3']",132.0 to 132.5,"[0, 2, 6]","['C6', 'D3', 'D4', 'F#4']","[1, 0, 2, 0, 0, 0, 1, 0, 0, 0, 0, 0]"
133.0,<music21.chord.Chord C6 A4 F#4 D3>,"[0, 3, 6, 8]","[6, 9, 0, 2]","[4, 7, 10, 0]",84,50,String Quartet Op1 No3 ii D major.mid,Haydn,7,major,"[11, 2, 5, 7]_7",0.919321743,"['C6', 'A4', 'F#4', 'D3']",133.0 to 133.625,"[0, 2, 6, 9]","['A4', 'C6', 'D3', 'D5', 'F#4']","[1, 0, 2, 0, 0, 0, 1, 0, 0, 1, 0, 0]"
133.5,<music21.chord.Chord C6 D5 F#4 D3>,"[0, 2, 6]","[0, 2, 6]","[10, 0, 4]",84,50,String Quartet Op1 No3 ii D major.mid,Haydn,7,major,"[5, 7, 11]_7",0.919321743,"['C6', 'D5', 'F#4', 'D3']",133.0 to 133.625,"[0, 2, 6, 9]","['A4', 'C6', 'D3', 'D5', 'F#4']","[1, 0, 2, 0, 0, 0, 1, 0, 0, 1, 0, 0]"
133.625,<music21.chord.Chord C6 F#4 D3>,"[0, 2, 6]","[0, 2, 6]","[10, 0, 4]",84,50,String Quartet Op1 No3 ii D major.mid,Haydn,7,major,"[5, 7, 11]_7",0.919321743,"['C6', 'F#4', 'D3']",133.0 to 133.625,"[0, 2, 6, 9]","['A4', 'C6', 'D3', 'D5', 'F#4']","[1, 0, 2, 0, 0, 0, 1, 0, 0, 1, 0, 0]"
134.0,<music21.chord.Chord C6 F#5 F#4 D3>,"[0, 2, 6]","[0, 2, 6]","[10, 0, 4]",84,50,String Quartet Op1 No3 ii D major.mid,Haydn,7,major,"[5, 7, 11]_7",0.919321743,"['C6', 'F#5', 'F#4', 'D3']",134.0 to 134.625,"[0, 2, 6, 9]","['A5', 'C6', 'D3', 'F#4', 'F#5']","[1, 0, 1, 0, 0, 0, 2, 0, 0, 1, 0, 0]"
134.125,<music21.chord.Chord C6 F#4 D3>,"[0, 2, 6]","[0, 2, 6]","[10, 0, 4]",84,50,String Quartet Op1 No3 ii D major.mid,Haydn,7,major,"[5, 7, 11]_7",0.919321743,"['C6', 'F#4', 'D3']",134.0 to 134.625,"[0, 2, 6, 9]","['A5', 'C6', 'D3', 'F#4', 'F#5']","[1, 0, 1, 0, 0, 0, 2, 0, 0, 1, 0, 0]"
134.5,<music21.chord.Chord C6 A5 F#4 D3>,"[0, 3, 6, 8]","[6, 9, 0, 2]","[4, 7, 10, 0]",84,50,String Quartet Op1 No3 ii D major.mid,Haydn,7,major,"[11, 2, 5, 7]_7",0.919321743,"['C6', 'A5', 'F#4', 'D3']",134.0 to 134.625,"[0, 2, 6, 9]","['A5', 'C6', 'D3', 'F#4', 'F#5']","[1, 0, 1, 0, 0, 0, 2, 0, 0, 1, 0, 0]"
134.625,<music21.chord.Chord C6 F#4 D3>,"[0, 2, 6]","[0, 2, 6]","[10, 0, 4]",84,50,String Quartet Op1 No3 ii D major.mid,Haydn,7,major,"[5, 7, 11]_7",0.919321743,"['C6', 'F#4', 'D3']",134.0 to 134.625,"[0, 2, 6, 9]","['A5', 'C6', 'D3', 'F#4', 'F#5']","[1, 0, 1, 0, 0, 0, 2, 0, 0, 1, 0, 0]"
135.0,<music21.chord.Chord B5 G5 G4 G3>,"[0, 4]","[7, 11]","[5, 9]",83,55,String Quartet Op1 No3 ii D major.mid,Haydn,7,major,"[0, 4]_0",0.919321743,"['B5', 'G5', 'G4', 'G3']",135.0 to 135.875,"[7, 11]","['B5', 'G3', 'G4', 'G5']","[0, 0, 0, 0, 0, 0, 0, 3, 0, 0, 0, 1]"
135.5,<music21.chord.Chord G5 G4 G3>,[0],[7],[5],79,55,String Quartet Op1 No3 ii D major.mid,Haydn,7,major,[0]_0,0.919321743,"['G5', 'G4', 'G3']",135.0 to 135.875,"[7, 11]","['B5', 'G3', 'G4', 'G5']","[0, 0, 0, 0, 0, 0, 0, 3, 0, 0, 0, 1]"
135.875,<music21.chord.Chord G5>,[0],[7],[5],79,79,String Quartet Op1 No3 ii D major.mid,Haydn,7,major,[0]_0,0.919321743,['G5'],135.0 to 135.875,"[7, 11]","['B5', 'G3', 'G4', 'G5']","[0, 0, 0, 0, 0, 0, 0, 3, 0, 0, 0, 1]"
136.0,<music21.chord.Chord D5>,[0],[2],[0],74,74,String Quartet Op1 No3 ii D major.mid,Haydn,7,major,[7]_7,0.919321743,['D5'],136.0 to 136.5,"[2, 11]","['B4', 'D5']","[0, 0, 1, 0, 0, 0, 0, 0, 0, 0, 0, 1]"
136.5,<music21.chord.Chord B4>,[0],[11],[9],71,71,String Quartet Op1 No3 ii D major.mid,Haydn,7,major,[4]_4,0.919321743,['B4'],136.0 to 136.5,"[2, 11]","['B4', 'D5']","[0, 0, 1, 0, 0, 0, 0, 0, 0, 0, 0, 1]"
137.0,<music21.chord.Chord G4>,[0],[7],[5],67,67,String Quartet Op1 No3 ii D major.mid,Haydn,7,major,[0]_0,0.919321743,['G4'],137.0 to 137.5,"[7, 11]","['B4', 'G4']","[0, 0, 0, 0, 0, 0, 0, 1, 0, 0, 0, 1]"
137.5,<music21.chord.Chord B4>,[0],[11],[9],71,71,String Quartet Op1 No3 ii D major.mid,Haydn,7,major,[4]_4,0.919321743,['B4'],137.0 to 137.5,"[7, 11]","['B4', 'G4']","[0, 0, 0, 0, 0, 0, 0, 1, 0, 0, 0, 1]"
138.0,<music21.chord.Chord D4 B4 B3>,"[0, 3]","[11, 2]","[9, 0]",71,59,String Quartet Op1 No3 ii D major.mid,Haydn,7,major,"[4, 7]_4",0.919321743,"['D4', 'B4', 'B3']",138.0 to 138.875,"[0, 2, 11]","['B3', 'B4', 'C4', 'C5', 'D4']","[2, 0, 1, 0, 0, 0, 0, 0, 0, 0, 0, 2]"
138.5,<music21.chord.Chord D4 C5 C4>,"[0, 2]","[0, 2]","[10, 0]",72,60,String Quartet Op1 No3 ii D major.mid,Haydn,7,major,"[5, 7]_5",0.919321743,"['D4', 'C5', 'C4']",138.0 to 138.875,"[0, 2, 11]","['B3', 'B4', 'C4', 'C5', 'D4']","[2, 0, 1, 0, 0, 0, 0, 0, 0, 0, 0, 2]"
138.875,<music21.chord.Chord C5 C4>,[0],[0],[10],72,60,String Quartet Op1 No3 ii D major.mid,Haydn,7,major,[5]_5,0.919321743,"['C5', 'C4']",138.0 to 138.875,"[0, 2, 11]","['B3', 'B4', 'C4', 'C5', 'D4']","[2, 0, 1, 0, 0, 0, 0, 0, 0, 0, 0, 2]"
139.0,<music21.chord.Chord B4 G4 D5 D4>,"[0, 4, 7]","[7, 11, 2]","[5, 9, 0]",74,62,String Quartet Op1 No3 ii D major.mid,Haydn,7,major,"[0, 4, 7]_7",0.919321743,"['B4', 'G4', 'D5', 'D4']",139.0 to 139.0,"[2, 7, 11]","['B4', 'D4', 'D5', 'G4']","[0, 0, 2, 0, 0, 0, 0, 1, 0, 0, 0, 1]"
140.0,<music21.chord.Chord B4 G4 D4 D3>,"[0, 4, 7]","[7, 11, 2]","[5, 9, 0]",71,50,String Quartet Op1 No3 ii D major.mid,Haydn,7,major,"[0, 4, 7]_7",0.919321743,"['B4', 'G4', 'D4', 'D3']",140.0 to 140.875,"[2, 4, 6, 7, 9, 11]","['A4', 'B4', 'D3', 'D4', 'E4', 'F#4', 'G4']","[0, 0, 2, 0, 1, 0, 1, 1, 0, 1, 0, 1]"
140.125,<music21.chord.Chord A4 F#4 D4 D3>,"[0, 4, 7]","[2, 6, 9]","[0, 4, 7]",69,50,String Quartet Op1 No3 ii D major.mid,Haydn,7,major,"[7, 11, 2]_7",0.919321743,"['A4', 'F#4', 'D4', 'D3']",140.0 to 140.875,"[2, 4, 6, 7, 9, 11]","['A4', 'B4', 'D3', 'D4', 'E4', 'F#4', 'G4']","[0, 0, 2, 0, 1, 0, 1, 1, 0, 1, 0, 1]"
140.25,<music21.chord.Chord D4 D3>,[0],[2],[0],62,50,String Quartet Op1 No3 ii D major.mid,Haydn,7,major,[7]_7,0.919321743,"['D4', 'D3']",140.0 to 140.875,"[2, 4, 6, 7, 9, 11]","['A4', 'B4', 'D3', 'D4', 'E4', 'F#4', 'G4']","[0, 0, 2, 0, 1, 0, 1, 1, 0, 1, 0, 1]"
140.33333330000002,<music21.chord.Chord B4 G4 D4 D3>,"[0, 4, 7]","[7, 11, 2]","[5, 9, 0]",71,50,String Quartet Op1 No3 ii D major.mid,Haydn,7,major,"[0, 4, 7]_7",0.919321743,"['B4', 'G4', 'D4', 'D3']",140.0 to 140.875,"[2, 4, 6, 7, 9, 11]","['A4', 'B4', 'D3', 'D4', 'E4', 'F#4', 'G4']","[0, 0, 2, 0, 1, 0, 1, 1, 0, 1, 0, 1]"
140.45833330000002,<music21.chord.Chord D4 D3>,[0],[2],[0],62,50,String Quartet Op1 No3 ii D major.mid,Haydn,7,major,[7]_7,0.919321743,"['D4', 'D3']",140.0 to 140.875,"[2, 4, 6, 7, 9, 11]","['A4', 'B4', 'D3', 'D4', 'E4', 'F#4', 'G4']","[0, 0, 2, 0, 1, 0, 1, 1, 0, 1, 0, 1]"
140.5,<music21.chord.Chord A4 F#4 D4 D3>,"[0, 4, 7]","[2, 6, 9]","[0, 4, 7]",69,50,String Quartet Op1 No3 ii D major.mid,Haydn,7,major,"[7, 11, 2]_7",0.919321743,"['A4', 'F#4', 'D4', 'D3']",140.0 to 140.875,"[2, 4, 6, 7, 9, 11]","['A4', 'B4', 'D3', 'D4', 'E4', 'F#4', 'G4']","[0, 0, 2, 0, 1, 0, 1, 1, 0, 1, 0, 1]"
140.625,<music21.chord.Chord D4 D3>,[0],[2],[0],62,50,String Quartet Op1 No3 ii D major.mid,Haydn,7,major,[7]_7,0.919321743,"['D4', 'D3']",140.0 to 140.875,"[2, 4, 6, 7, 9, 11]","['A4', 'B4', 'D3', 'D4', 'E4', 'F#4', 'G4']","[0, 0, 2, 0, 1, 0, 1, 1, 0, 1, 0, 1]"
140.66666669999998,<music21.chord.Chord G4 E4 D4 D3>,"[0, 2, 5]","[2, 4, 7]","[0, 2, 5]",67,50,String Quartet Op1 No3 ii D major.mid,Haydn,7,major,"[7, 9, 0]_7",0.919321743,"['G4', 'E4', 'D4', 'D3']",140.0 to 140.875,"[2, 4, 6, 7, 9, 11]","['A4', 'B4', 'D3', 'D4', 'E4', 'F#4', 'G4']","[0, 0, 2, 0, 1, 0, 1, 1, 0, 1, 0, 1]"
140.79166669999998,<music21.chord.Chord D4 D3>,[0],[2],[0],62,50,String Quartet Op1 No3 ii D major.mid,Haydn,7,major,[7]_7,0.919321743,"['D4', 'D3']",140.0 to 140.875,"[2, 4, 6, 7, 9, 11]","['A4', 'B4', 'D3', 'D4', 'E4', 'F#4', 'G4']","[0, 0, 2, 0, 1, 0, 1, 1, 0, 1, 0, 1]"
140.875,<music21.chord.Chord A4 F#4>,"[0, 3]","[6, 9]","[4, 7]",69,66,String Quartet Op1 No3 ii D major.mid,Haydn,7,major,"[11, 2]_11",0.919321743,"['A4', 'F#4']",140.0 to 140.875,"[2, 4, 6, 7, 9, 11]","['A4', 'B4', 'D3', 'D4', 'E4', 'F#4', 'G4']","[0, 0, 2, 0, 1, 0, 1, 1, 0, 1, 0, 1]"
141.0,<music21.chord.Chord G4 G3>,[0],[7],[5],67,55,String Quartet Op1 No3 ii D major.mid,Haydn,7,major,[0]_0,0.919321743,"['G4', 'G3']",141.0 to 141.875,[7],"['G3', 'G4']","[0, 0, 0, 0, 0, 0, 0, 2, 0, 0, 0, 0]"
141.875,<music21.chord.Chord G4>,[0],[7],[5],67,67,String Quartet Op1 No3 ii D major.mid,Haydn,7,major,[0]_0,0.876755945,['G4'],141.0 to 141.875,[7],"['G3', 'G4']","[0, 0, 0, 0, 0, 0, 0, 2, 0, 0, 0, 0]"
142.0,<music21.chord.Chord G4 D4 D3>,"[0, 5]","[2, 7]","[0, 5]",67,50,String Quartet Op1 No3 ii D major.mid,Haydn,7,major,"[7, 0]_7",0.876755945,"['G4', 'D4', 'D3']",142.0 to 142.75,"[2, 7]","['D3', 'D4', 'G4']","[0, 0, 2, 0, 0, 0, 0, 1, 0, 0, 0, 0]"
142.75,<music21.chord.Chord D4 D3>,[0],[2],[0],62,50,String Quartet Op1 No3 ii D major.mid,Haydn,7,major,[7]_7,0.876755945,"['D4', 'D3']",142.0 to 142.75,"[2, 7]","['D3', 'D4', 'G4']","[0, 0, 2, 0, 0, 0, 0, 1, 0, 0, 0, 0]"
143.0,<music21.chord.Chord G3 G2>,[0],[7],[5],55,43,String Quartet Op1 No3 ii D major.mid,Haydn,7,major,[0]_0,0.876755945,"['G3', 'G2']",143.0 to 143.0,[7],"['G2', 'G3']","[0, 0, 0, 0, 0, 0, 0, 2, 0, 0, 0, 0]"
144.0,<music21.chord.Chord G3>,[0],[7],[5],55,55,String Quartet Op1 No3 ii D major.mid,Haydn,7,major,[0]_0,0.876755945,['G3'],144.0 to 144.0,[7],['G3'],"[0, 0, 0, 0, 0, 0, 0, 1, 0, 0, 0, 0]"
145.0,<music21.chord.Chord D5>,[0],[2],[0],74,74,String Quartet Op1 No3 ii D major.mid,Haydn,7,major,[7]_7,0.876755945,['D5'],145.0 to 145.0,[2],['D5'],"[0, 0, 1, 0, 0, 0, 0, 0, 0, 0, 0, 0]"
146.0,<music21.chord.Chord B4>,[0],[11],[9],71,71,String Quartet Op1 No3 ii D major.mid,Haydn,7,major,[4]_4,0.876755945,['B4'],146.0 to 146.0,[11],['B4'],"[0, 0, 0, 0, 0, 0, 0, 0, 0, 0, 0, 1]"
147.0,<music21.chord.Chord D4>,[0],[2],[0],62,62,String Quartet Op1 No3 ii D major.mid,Haydn,7,major,[7]_7,0.876755945,['D4'],147.0 to 147.0,[2],['D4'],"[0, 0, 1, 0, 0, 0, 0, 0, 0, 0, 0, 0]"
148.0,<music21.chord.Chord C5>,[0],[0],[10],72,72,String Quartet Op1 No3 ii D major.mid,Haydn,7,major,[5]_5,0.876755945,['C5'],148.0 to 148.0,[0],['C5'],"[1, 0, 0, 0, 0, 0, 0, 0, 0, 0, 0, 0]"
149.0,<music21.chord.Chord A4>,[0],[9],[7],69,69,String Quartet Op1 No3 ii D major.mid,Haydn,7,major,[2]_2,0.876755945,['A4'],149.0 to 149.0,[9],['A4'],"[0, 0, 0, 0, 0, 0, 0, 0, 0, 1, 0, 0]"
150.0,<music21.chord.Chord E4>,[0],[4],[2],64,64,String Quartet Op1 No3 ii D major.mid,Haydn,7,major,[9]_9,0.876755945,['E4'],150.0 to 150.0,[4],['E4'],"[0, 0, 0, 0, 1, 0, 0, 0, 0, 0, 0, 0]"
151.0,<music21.chord.Chord G5>,[0],[7],[5],79,79,String Quartet Op1 No3 ii D major.mid,Haydn,7,major,[0]_0,0.861839427,['G5'],151.0 to 151.5,"[4, 7]","['E5', 'G5']","[0, 0, 0, 0, 1, 0, 0, 1, 0, 0, 0, 0]"
151.5,<music21.chord.Chord E5>,[0],[4],[2],76,76,String Quartet Op1 No3 ii D major.mid,Haydn,7,major,[9]_9,0.861839427,['E5'],151.0 to 151.5,"[4, 7]","['E5', 'G5']","[0, 0, 0, 0, 1, 0, 0, 1, 0, 0, 0, 0]"
152.0,<music21.chord.Chord D5>,[0],[2],[0],74,74,String Quartet Op1 No3 ii D major.mid,Haydn,7,major,[7]_7,0.861839427,['D5'],152.0 to 152.5,"[0, 2]","['C5', 'D5']","[1, 0, 1, 0, 0, 0, 0, 0, 0, 0, 0, 0]"
152.5,<music21.chord.Chord C5>,[0],[0],[10],72,72,String Quartet Op1 No3 ii D major.mid,Haydn,7,major,[5]_5,0.849401313,['C5'],152.0 to 152.5,"[0, 2]","['C5', 'D5']","[1, 0, 1, 0, 0, 0, 0, 0, 0, 0, 0, 0]"
153.0,<music21.chord.Chord B4>,[0],[11],[9],71,71,String Quartet Op1 No3 ii D major.mid,Haydn,7,major,[4]_4,0.849401313,['B4'],153.0 to 153.0,[11],['B4'],"[0, 0, 0, 0, 0, 0, 0, 0, 0, 0, 0, 1]"
154.0,<music21.chord.Chord A4>,[0],[9],[7],69,69,String Quartet Op1 No3 ii D major.mid,Haydn,7,major,[2]_2,0.8590204229999999,['A4'],154.0 to 154.0,[9],['A4'],"[0, 0, 0, 0, 0, 0, 0, 0, 0, 1, 0, 0]"
156.0,<music21.chord.Chord C6 D4 F#4 D3>,"[0, 2, 6]","[0, 2, 6]","[10, 0, 4]",84,50,String Quartet Op1 No3 ii D major.mid,Haydn,7,major,"[5, 7, 11]_7",0.8590204229999999,"['C6', 'D4', 'F#4', 'D3']",156.0 to 156.5,"[0, 2, 6]","['C6', 'D3', 'D4', 'F#4']","[1, 0, 2, 0, 0, 0, 1, 0, 0, 0, 0, 0]"
156.5,<music21.chord.Chord C6 F#4 D3>,"[0, 2, 6]","[0, 2, 6]","[10, 0, 4]",84,50,String Quartet Op1 No3 ii D major.mid,Haydn,7,major,"[5, 7, 11]_7",0.919321743,"['C6', 'F#4', 'D3']",156.0 to 156.5,"[0, 2, 6]","['C6', 'D3', 'D4', 'F#4']","[1, 0, 2, 0, 0, 0, 1, 0, 0, 0, 0, 0]"
157.0,<music21.chord.Chord C6 A4 F#4 D3>,"[0, 3, 6, 8]","[6, 9, 0, 2]","[4, 7, 10, 0]",84,50,String Quartet Op1 No3 ii D major.mid,Haydn,7,major,"[11, 2, 5, 7]_7",0.919321743,"['C6', 'A4', 'F#4', 'D3']",157.0 to 157.625,"[0, 2, 6, 9]","['A4', 'C6', 'D3', 'D5', 'F#4']","[1, 0, 2, 0, 0, 0, 1, 0, 0, 1, 0, 0]"
157.5,<music21.chord.Chord C6 D5 F#4 D3>,"[0, 2, 6]","[0, 2, 6]","[10, 0, 4]",84,50,String Quartet Op1 No3 ii D major.mid,Haydn,7,major,"[5, 7, 11]_7",0.919321743,"['C6', 'D5', 'F#4', 'D3']",157.0 to 157.625,"[0, 2, 6, 9]","['A4', 'C6', 'D3', 'D5', 'F#4']","[1, 0, 2, 0, 0, 0, 1, 0, 0, 1, 0, 0]"
157.625,<music21.chord.Chord C6 F#4 D3>,"[0, 2, 6]","[0, 2, 6]","[10, 0, 4]",84,50,String Quartet Op1 No3 ii D major.mid,Haydn,7,major,"[5, 7, 11]_7",0.919321743,"['C6', 'F#4', 'D3']",157.0 to 157.625,"[0, 2, 6, 9]","['A4', 'C6', 'D3', 'D5', 'F#4']","[1, 0, 2, 0, 0, 0, 1, 0, 0, 1, 0, 0]"
158.0,<music21.chord.Chord C6 F#5 F#4 D3>,"[0, 2, 6]","[0, 2, 6]","[10, 0, 4]",84,50,String Quartet Op1 No3 ii D major.mid,Haydn,7,major,"[5, 7, 11]_7",0.919321743,"['C6', 'F#5', 'F#4', 'D3']",158.0 to 158.625,"[0, 2, 6, 9]","['A5', 'C6', 'D3', 'F#4', 'F#5']","[1, 0, 1, 0, 0, 0, 2, 0, 0, 1, 0, 0]"
158.125,<music21.chord.Chord C6 F#4 D3>,"[0, 2, 6]","[0, 2, 6]","[10, 0, 4]",84,50,String Quartet Op1 No3 ii D major.mid,Haydn,7,major,"[5, 7, 11]_7",0.919321743,"['C6', 'F#4', 'D3']",158.0 to 158.625,"[0, 2, 6, 9]","['A5', 'C6', 'D3', 'F#4', 'F#5']","[1, 0, 1, 0, 0, 0, 2, 0, 0, 1, 0, 0]"
158.5,<music21.chord.Chord C6 A5 F#4 D3>,"[0, 3, 6, 8]","[6, 9, 0, 2]","[4, 7, 10, 0]",84,50,String Quartet Op1 No3 ii D major.mid,Haydn,7,major,"[11, 2, 5, 7]_7",0.919321743,"['C6', 'A5', 'F#4', 'D3']",158.0 to 158.625,"[0, 2, 6, 9]","['A5', 'C6', 'D3', 'F#4', 'F#5']","[1, 0, 1, 0, 0, 0, 2, 0, 0, 1, 0, 0]"
158.625,<music21.chord.Chord C6 F#4 D3>,"[0, 2, 6]","[0, 2, 6]","[10, 0, 4]",84,50,String Quartet Op1 No3 ii D major.mid,Haydn,7,major,"[5, 7, 11]_7",0.919321743,"['C6', 'F#4', 'D3']",158.0 to 158.625,"[0, 2, 6, 9]","['A5', 'C6', 'D3', 'F#4', 'F#5']","[1, 0, 1, 0, 0, 0, 2, 0, 0, 1, 0, 0]"
159.0,<music21.chord.Chord B5 G5 G4 G3>,"[0, 4]","[7, 11]","[5, 9]",83,55,String Quartet Op1 No3 ii D major.mid,Haydn,7,major,"[0, 4]_0",0.919321743,"['B5', 'G5', 'G4', 'G3']",159.0 to 159.875,"[7, 11]","['B5', 'G3', 'G4', 'G5']","[0, 0, 0, 0, 0, 0, 0, 3, 0, 0, 0, 1]"
159.5,<music21.chord.Chord G5 G4 G3>,[0],[7],[5],79,55,String Quartet Op1 No3 ii D major.mid,Haydn,7,major,[0]_0,0.919321743,"['G5', 'G4', 'G3']",159.0 to 159.875,"[7, 11]","['B5', 'G3', 'G4', 'G5']","[0, 0, 0, 0, 0, 0, 0, 3, 0, 0, 0, 1]"
159.875,<music21.chord.Chord G5>,[0],[7],[5],79,79,String Quartet Op1 No3 ii D major.mid,Haydn,7,major,[0]_0,0.919321743,['G5'],159.0 to 159.875,"[7, 11]","['B5', 'G3', 'G4', 'G5']","[0, 0, 0, 0, 0, 0, 0, 3, 0, 0, 0, 1]"
160.0,<music21.chord.Chord D5>,[0],[2],[0],74,74,String Quartet Op1 No3 ii D major.mid,Haydn,7,major,[7]_7,0.919321743,['D5'],160.0 to 160.5,"[2, 11]","['B4', 'D5']","[0, 0, 1, 0, 0, 0, 0, 0, 0, 0, 0, 1]"
160.5,<music21.chord.Chord B4>,[0],[11],[9],71,71,String Quartet Op1 No3 ii D major.mid,Haydn,7,major,[4]_4,0.919321743,['B4'],160.0 to 160.5,"[2, 11]","['B4', 'D5']","[0, 0, 1, 0, 0, 0, 0, 0, 0, 0, 0, 1]"
161.0,<music21.chord.Chord G4>,[0],[7],[5],67,67,String Quartet Op1 No3 ii D major.mid,Haydn,7,major,[0]_0,0.919321743,['G4'],161.0 to 161.5,"[7, 11]","['B4', 'G4']","[0, 0, 0, 0, 0, 0, 0, 1, 0, 0, 0, 1]"
161.5,<music21.chord.Chord B4>,[0],[11],[9],71,71,String Quartet Op1 No3 ii D major.mid,Haydn,7,major,[4]_4,0.919321743,['B4'],161.0 to 161.5,"[7, 11]","['B4', 'G4']","[0, 0, 0, 0, 0, 0, 0, 1, 0, 0, 0, 1]"
162.0,<music21.chord.Chord D4 B4 B3>,"[0, 3]","[11, 2]","[9, 0]",71,59,String Quartet Op1 No3 ii D major.mid,Haydn,7,major,"[4, 7]_4",0.919321743,"['D4', 'B4', 'B3']",162.0 to 162.875,"[0, 2, 11]","['B3', 'B4', 'C4', 'C5', 'D4']","[2, 0, 1, 0, 0, 0, 0, 0, 0, 0, 0, 2]"
162.5,<music21.chord.Chord D4 C5 C4>,"[0, 2]","[0, 2]","[10, 0]",72,60,String Quartet Op1 No3 ii D major.mid,Haydn,7,major,"[5, 7]_5",0.919321743,"['D4', 'C5', 'C4']",162.0 to 162.875,"[0, 2, 11]","['B3', 'B4', 'C4', 'C5', 'D4']","[2, 0, 1, 0, 0, 0, 0, 0, 0, 0, 0, 2]"
162.875,<music21.chord.Chord C5 C4>,[0],[0],[10],72,60,String Quartet Op1 No3 ii D major.mid,Haydn,7,major,[5]_5,0.919321743,"['C5', 'C4']",162.0 to 162.875,"[0, 2, 11]","['B3', 'B4', 'C4', 'C5', 'D4']","[2, 0, 1, 0, 0, 0, 0, 0, 0, 0, 0, 2]"
163.0,<music21.chord.Chord B4 G4 D5 D4>,"[0, 4, 7]","[7, 11, 2]","[5, 9, 0]",74,62,String Quartet Op1 No3 ii D major.mid,Haydn,7,major,"[0, 4, 7]_7",0.919321743,"['B4', 'G4', 'D5', 'D4']",163.0 to 163.0,"[2, 7, 11]","['B4', 'D4', 'D5', 'G4']","[0, 0, 2, 0, 0, 0, 0, 1, 0, 0, 0, 1]"
164.0,<music21.chord.Chord B4 G4 D4 D3>,"[0, 4, 7]","[7, 11, 2]","[5, 9, 0]",71,50,String Quartet Op1 No3 ii D major.mid,Haydn,7,major,"[0, 4, 7]_7",0.919321743,"['B4', 'G4', 'D4', 'D3']",164.0 to 164.875,"[2, 4, 6, 7, 9, 11]","['A4', 'B4', 'D3', 'D4', 'E4', 'F#4', 'G4']","[0, 0, 2, 0, 1, 0, 1, 1, 0, 1, 0, 1]"
164.125,<music21.chord.Chord A4 F#4 D4 D3>,"[0, 4, 7]","[2, 6, 9]","[0, 4, 7]",69,50,String Quartet Op1 No3 ii D major.mid,Haydn,7,major,"[7, 11, 2]_7",0.919321743,"['A4', 'F#4', 'D4', 'D3']",164.0 to 164.875,"[2, 4, 6, 7, 9, 11]","['A4', 'B4', 'D3', 'D4', 'E4', 'F#4', 'G4']","[0, 0, 2, 0, 1, 0, 1, 1, 0, 1, 0, 1]"
164.25,<music21.chord.Chord D4 D3>,[0],[2],[0],62,50,String Quartet Op1 No3 ii D major.mid,Haydn,7,major,[7]_7,0.919321743,"['D4', 'D3']",164.0 to 164.875,"[2, 4, 6, 7, 9, 11]","['A4', 'B4', 'D3', 'D4', 'E4', 'F#4', 'G4']","[0, 0, 2, 0, 1, 0, 1, 1, 0, 1, 0, 1]"
164.33333330000002,<music21.chord.Chord B4 G4 D4 D3>,"[0, 4, 7]","[7, 11, 2]","[5, 9, 0]",71,50,String Quartet Op1 No3 ii D major.mid,Haydn,7,major,"[0, 4, 7]_7",0.919321743,"['B4', 'G4', 'D4', 'D3']",164.0 to 164.875,"[2, 4, 6, 7, 9, 11]","['A4', 'B4', 'D3', 'D4', 'E4', 'F#4', 'G4']","[0, 0, 2, 0, 1, 0, 1, 1, 0, 1, 0, 1]"
164.45833330000002,<music21.chord.Chord D4 D3>,[0],[2],[0],62,50,String Quartet Op1 No3 ii D major.mid,Haydn,7,major,[7]_7,0.919321743,"['D4', 'D3']",164.0 to 164.875,"[2, 4, 6, 7, 9, 11]","['A4', 'B4', 'D3', 'D4', 'E4', 'F#4', 'G4']","[0, 0, 2, 0, 1, 0, 1, 1, 0, 1, 0, 1]"
164.5,<music21.chord.Chord A4 F#4 D4 D3>,"[0, 4, 7]","[2, 6, 9]","[0, 4, 7]",69,50,String Quartet Op1 No3 ii D major.mid,Haydn,7,major,"[7, 11, 2]_7",0.919321743,"['A4', 'F#4', 'D4', 'D3']",164.0 to 164.875,"[2, 4, 6, 7, 9, 11]","['A4', 'B4', 'D3', 'D4', 'E4', 'F#4', 'G4']","[0, 0, 2, 0, 1, 0, 1, 1, 0, 1, 0, 1]"
164.625,<music21.chord.Chord D4 D3>,[0],[2],[0],62,50,String Quartet Op1 No3 ii D major.mid,Haydn,7,major,[7]_7,0.919321743,"['D4', 'D3']",164.0 to 164.875,"[2, 4, 6, 7, 9, 11]","['A4', 'B4', 'D3', 'D4', 'E4', 'F#4', 'G4']","[0, 0, 2, 0, 1, 0, 1, 1, 0, 1, 0, 1]"
164.66666669999998,<music21.chord.Chord G4 E4 D4 D3>,"[0, 2, 5]","[2, 4, 7]","[0, 2, 5]",67,50,String Quartet Op1 No3 ii D major.mid,Haydn,7,major,"[7, 9, 0]_7",0.919321743,"['G4', 'E4', 'D4', 'D3']",164.0 to 164.875,"[2, 4, 6, 7, 9, 11]","['A4', 'B4', 'D3', 'D4', 'E4', 'F#4', 'G4']","[0, 0, 2, 0, 1, 0, 1, 1, 0, 1, 0, 1]"
164.79166669999998,<music21.chord.Chord D4 D3>,[0],[2],[0],62,50,String Quartet Op1 No3 ii D major.mid,Haydn,7,major,[7]_7,0.919321743,"['D4', 'D3']",164.0 to 164.875,"[2, 4, 6, 7, 9, 11]","['A4', 'B4', 'D3', 'D4', 'E4', 'F#4', 'G4']","[0, 0, 2, 0, 1, 0, 1, 1, 0, 1, 0, 1]"
164.875,<music21.chord.Chord A4 F#4>,"[0, 3]","[6, 9]","[4, 7]",69,66,String Quartet Op1 No3 ii D major.mid,Haydn,7,major,"[11, 2]_11",0.919321743,"['A4', 'F#4']",164.0 to 164.875,"[2, 4, 6, 7, 9, 11]","['A4', 'B4', 'D3', 'D4', 'E4', 'F#4', 'G4']","[0, 0, 2, 0, 1, 0, 1, 1, 0, 1, 0, 1]"
165.0,<music21.chord.Chord G4 G3>,[0],[7],[5],67,55,String Quartet Op1 No3 ii D major.mid,Haydn,7,major,[0]_0,0.919321743,"['G4', 'G3']",165.0 to 165.875,[7],"['G3', 'G4']","[0, 0, 0, 0, 0, 0, 0, 2, 0, 0, 0, 0]"
165.875,<music21.chord.Chord G4>,[0],[7],[5],67,67,String Quartet Op1 No3 ii D major.mid,Haydn,7,minor,[0]_0,0.919155223,['G4'],165.0 to 165.875,[7],"['G3', 'G4']","[0, 0, 0, 0, 0, 0, 0, 2, 0, 0, 0, 0]"
166.0,<music21.chord.Chord G4 D4 D3>,"[0, 5]","[2, 7]","[0, 5]",67,50,String Quartet Op1 No3 ii D major.mid,Haydn,7,minor,"[7, 0]_7",0.919155223,"['G4', 'D4', 'D3']",166.0 to 166.75,"[2, 7]","['D3', 'D4', 'G4']","[0, 0, 2, 0, 0, 0, 0, 1, 0, 0, 0, 0]"
166.75,<music21.chord.Chord D4 D3>,[0],[2],[0],62,50,String Quartet Op1 No3 ii D major.mid,Haydn,7,minor,[7]_7,0.919155223,"['D4', 'D3']",166.0 to 166.75,"[2, 7]","['D3', 'D4', 'G4']","[0, 0, 2, 0, 0, 0, 0, 1, 0, 0, 0, 0]"
167.0,<music21.chord.Chord G3 G2>,[0],[7],[5],55,43,String Quartet Op1 No3 ii D major.mid,Haydn,7,minor,[0]_0,0.919155223,"['G3', 'G2']",167.0 to 167.0,[7],"['G2', 'G3']","[0, 0, 0, 0, 0, 0, 0, 2, 0, 0, 0, 0]"
168.0,<music21.chord.Chord D6 B-4 G2>,"[0, 3, 7]","[7, 10, 2]","[5, 8, 0]",86,43,String Quartet Op1 No3 ii D major.mid,Haydn,7,minor,"[0, 3, 7]_0",0.919155223,"['D6', 'B-4', 'G2']",168.0 to 168.5,"[2, 7, 10]","['B-2', 'B-4', 'D6', 'G2']","[0, 0, 1, 0, 0, 0, 0, 1, 0, 0, 2, 0]"
168.5,<music21.chord.Chord D6 B-4 B-2>,"[0, 4]","[10, 2]","[8, 0]",86,46,String Quartet Op1 No3 ii D major.mid,Haydn,7,minor,"[3, 7]_3",0.919155223,"['D6', 'B-4', 'B-2']",168.0 to 168.5,"[2, 7, 10]","['B-2', 'B-4', 'D6', 'G2']","[0, 0, 1, 0, 0, 0, 0, 1, 0, 0, 2, 0]"
169.0,<music21.chord.Chord D5 B-4 D3>,"[0, 4]","[10, 2]","[8, 0]",74,50,String Quartet Op1 No3 ii D major.mid,Haydn,7,minor,"[3, 7]_7",0.919155223,"['D5', 'B-4', 'D3']",169.0 to 169.875,"[2, 7, 10]","['B-4', 'D3', 'D5', 'G3']","[0, 0, 2, 0, 0, 0, 0, 1, 0, 0, 1, 0]"
169.5,<music21.chord.Chord D5 B-4 G3>,"[0, 3, 7]","[7, 10, 2]","[5, 8, 0]",74,55,String Quartet Op1 No3 ii D major.mid,Haydn,7,minor,"[0, 3, 7]_0",0.919155223,"['D5', 'B-4', 'G3']",169.0 to 169.875,"[2, 7, 10]","['B-4', 'D3', 'D5', 'G3']","[0, 0, 2, 0, 0, 0, 0, 1, 0, 0, 1, 0]"
169.625,<music21.chord.Chord D5 B-4>,"[0, 4]","[10, 2]","[8, 0]",74,70,String Quartet Op1 No3 ii D major.mid,Haydn,7,minor,"[3, 7]_3",0.919155223,"['D5', 'B-4']",169.0 to 169.875,"[2, 7, 10]","['B-4', 'D3', 'D5', 'G3']","[0, 0, 2, 0, 0, 0, 0, 1, 0, 0, 1, 0]"
169.875,<music21.chord.Chord B-4>,[0],[10],[8],70,70,String Quartet Op1 No3 ii D major.mid,Haydn,7,minor,[3]_3,0.919155223,['B-4'],169.0 to 169.875,"[2, 7, 10]","['B-4', 'D3', 'D5', 'G3']","[0, 0, 2, 0, 0, 0, 0, 1, 0, 0, 1, 0]"
170.0,<music21.chord.Chord D5 B-4 B-3>,"[0, 4]","[10, 2]","[8, 0]",74,58,String Quartet Op1 No3 ii D major.mid,Haydn,7,minor,"[3, 7]_3",0.919155223,"['D5', 'B-4', 'B-3']",170.0 to 170.625,"[2, 10]","['B-3', 'B-4', 'D4', 'D5']","[0, 0, 2, 0, 0, 0, 0, 0, 0, 0, 2, 0]"
170.125,<music21.chord.Chord D5 B-4>,"[0, 4]","[10, 2]","[8, 0]",74,70,String Quartet Op1 No3 ii D major.mid,Haydn,7,minor,"[3, 7]_3",0.919155223,"['D5', 'B-4']",170.0 to 170.625,"[2, 10]","['B-3', 'B-4', 'D4', 'D5']","[0, 0, 2, 0, 0, 0, 0, 0, 0, 0, 2, 0]"
170.25,<music21.chord.Chord B-4>,[0],[10],[8],70,70,String Quartet Op1 No3 ii D major.mid,Haydn,7,minor,[3]_3,0.919155223,['B-4'],170.0 to 170.625,"[2, 10]","['B-3', 'B-4', 'D4', 'D5']","[0, 0, 2, 0, 0, 0, 0, 0, 0, 0, 2, 0]"
170.5,<music21.chord.Chord B-4 D4>,"[0, 4]","[10, 2]","[8, 0]",70,62,String Quartet Op1 No3 ii D major.mid,Haydn,7,minor,"[3, 7]_7",0.919155223,"['B-4', 'D4']",170.0 to 170.625,"[2, 10]","['B-3', 'B-4', 'D4', 'D5']","[0, 0, 2, 0, 0, 0, 0, 0, 0, 0, 2, 0]"
170.625,<music21.chord.Chord B-4>,[0],[10],[8],70,70,String Quartet Op1 No3 ii D major.mid,Haydn,7,minor,[3]_3,0.919155223,['B-4'],170.0 to 170.625,"[2, 10]","['B-3', 'B-4', 'D4', 'D5']","[0, 0, 2, 0, 0, 0, 0, 0, 0, 0, 2, 0]"
171.0,<music21.chord.Chord C6 D4 A4 D3>,"[0, 3, 5]","[9, 0, 2]","[7, 10, 0]",84,50,String Quartet Op1 No3 ii D major.mid,Haydn,7,minor,"[2, 5, 7]_7",0.919155223,"['C6', 'D4', 'A4', 'D3']",171.0 to 171.875,"[0, 2, 6, 9]","['A4', 'C6', 'D3', 'D4', 'F#4']","[1, 0, 2, 0, 0, 0, 1, 0, 0, 1, 0, 0]"
171.5,<music21.chord.Chord C6 F#4 A4 D3>,"[0, 3, 6, 8]","[6, 9, 0, 2]","[4, 7, 10, 0]",84,50,String Quartet Op1 No3 ii D major.mid,Haydn,7,minor,"[11, 2, 5, 7]_7",0.919155223,"['C6', 'F#4', 'A4', 'D3']",171.0 to 171.875,"[0, 2, 6, 9]","['A4', 'C6', 'D3', 'D4', 'F#4']","[1, 0, 2, 0, 0, 0, 1, 0, 0, 1, 0, 0]"
171.875,<music21.chord.Chord C6 F#4 A4>,"[0, 3, 6]","[6, 9, 0]","[4, 7, 10]",84,66,String Quartet Op1 No3 ii D major.mid,Haydn,7,minor,"[11, 2, 5]_11",0.919155223,"['C6', 'F#4', 'A4']",171.0 to 171.875,"[0, 2, 6, 9]","['A4', 'C6', 'D3', 'D4', 'F#4']","[1, 0, 2, 0, 0, 0, 1, 0, 0, 1, 0, 0]"
172.0,<music21.chord.Chord D5 A4>,"[0, 5]","[9, 2]","[7, 0]",74,69,String Quartet Op1 No3 ii D major.mid,Haydn,7,minor,"[2, 7]_2",0.919155223,"['D5', 'A4']",172.0 to 172.875,"[2, 9]","['A4', 'D5']","[0, 0, 1, 0, 0, 0, 0, 0, 0, 1, 0, 0]"
172.5,<music21.chord.Chord D5 A4>,"[0, 5]","[9, 2]","[7, 0]",74,69,String Quartet Op1 No3 ii D major.mid,Haydn,7,minor,"[2, 7]_2",0.919155223,"['D5', 'A4']",172.0 to 172.875,"[2, 9]","['A4', 'D5']","[0, 0, 1, 0, 0, 0, 0, 0, 0, 1, 0, 0]"
172.625,<music21.chord.Chord D5 A4>,"[0, 5]","[9, 2]","[7, 0]",74,69,String Quartet Op1 No3 ii D major.mid,Haydn,7,minor,"[2, 7]_2",0.919155223,"['D5', 'A4']",172.0 to 172.875,"[2, 9]","['A4', 'D5']","[0, 0, 1, 0, 0, 0, 0, 0, 0, 1, 0, 0]"
172.875,<music21.chord.Chord A4>,[0],[9],[7],69,69,String Quartet Op1 No3 ii D major.mid,Haydn,7,minor,[2]_2,0.919155223,['A4'],172.0 to 172.875,"[2, 9]","['A4', 'D5']","[0, 0, 1, 0, 0, 0, 0, 0, 0, 1, 0, 0]"
173.0,<music21.chord.Chord D5 F#5 A4>,"[0, 4, 7]","[2, 6, 9]","[0, 4, 7]",78,69,String Quartet Op1 No3 ii D major.mid,Haydn,7,minor,"[7, 11, 2]_2",0.919155223,"['D5', 'F#5', 'A4']",173.0 to 173.625,"[2, 6, 9]","['A4', 'A5', 'D5', 'F#5']","[0, 0, 1, 0, 0, 0, 1, 0, 0, 2, 0, 0]"
173.125,<music21.chord.Chord D5 A4>,"[0, 5]","[9, 2]","[7, 0]",74,69,String Quartet Op1 No3 ii D major.mid,Haydn,7,minor,"[2, 7]_2",0.918364915,"['D5', 'A4']",173.0 to 173.625,"[2, 6, 9]","['A4', 'A5', 'D5', 'F#5']","[0, 0, 1, 0, 0, 0, 1, 0, 0, 2, 0, 0]"
173.25,<music21.chord.Chord A4>,[0],[9],[7],69,69,String Quartet Op1 No3 ii D major.mid,Haydn,7,minor,[2]_2,0.918364915,['A4'],173.0 to 173.625,"[2, 6, 9]","['A4', 'A5', 'D5', 'F#5']","[0, 0, 1, 0, 0, 0, 1, 0, 0, 2, 0, 0]"
173.5,<music21.chord.Chord A5 A4>,[0],[9],[7],81,69,String Quartet Op1 No3 ii D major.mid,Haydn,7,minor,[2]_2,0.918364915,"['A5', 'A4']",173.0 to 173.625,"[2, 6, 9]","['A4', 'A5', 'D5', 'F#5']","[0, 0, 1, 0, 0, 0, 1, 0, 0, 2, 0, 0]"
173.625,<music21.chord.Chord A4>,[0],[9],[7],69,69,String Quartet Op1 No3 ii D major.mid,Haydn,7,minor,[2]_2,0.918364915,['A4'],173.0 to 173.625,"[2, 6, 9]","['A4', 'A5', 'D5', 'F#5']","[0, 0, 1, 0, 0, 0, 1, 0, 0, 2, 0, 0]"
174.0,<music21.chord.Chord B-5 G5 G4 G2>,"[0, 3]","[7, 10]","[5, 8]",82,43,String Quartet Op1 No3 ii D major.mid,Haydn,7,minor,"[0, 3]_0",0.918364915,"['B-5', 'G5', 'G4', 'G2']",174.0 to 174.875,"[7, 10]","['B-2', 'B-5', 'G2', 'G4', 'G5']","[0, 0, 0, 0, 0, 0, 0, 3, 0, 0, 2, 0]"
174.5,<music21.chord.Chord B-5 G5 G4 B-2>,"[0, 3]","[7, 10]","[5, 8]",82,46,String Quartet Op1 No3 ii D major.mid,Haydn,7,minor,"[0, 3]_3",0.918364915,"['B-5', 'G5', 'G4', 'B-2']",174.0 to 174.875,"[7, 10]","['B-2', 'B-5', 'G2', 'G4', 'G5']","[0, 0, 0, 0, 0, 0, 0, 3, 0, 0, 2, 0]"
174.875,<music21.chord.Chord B-5 G4 B-2>,"[0, 3]","[7, 10]","[5, 8]",82,46,String Quartet Op1 No3 ii D major.mid,Haydn,7,minor,"[0, 3]_3",0.918364915,"['B-5', 'G4', 'B-2']",174.0 to 174.875,"[7, 10]","['B-2', 'B-5', 'G2', 'G4', 'G5']","[0, 0, 0, 0, 0, 0, 0, 3, 0, 0, 2, 0]"
175.0,<music21.chord.Chord D5 G4 D3>,"[0, 5]","[2, 7]","[0, 5]",74,50,String Quartet Op1 No3 ii D major.mid,Haydn,7,minor,"[7, 0]_7",0.918364915,"['D5', 'G4', 'D3']",175.0 to 175.875,"[2, 7]","['D3', 'D5', 'G3', 'G4']","[0, 0, 2, 0, 0, 0, 0, 2, 0, 0, 0, 0]"
175.5,<music21.chord.Chord D5 G4 G3>,"[0, 5]","[2, 7]","[0, 5]",74,55,String Quartet Op1 No3 ii D major.mid,Haydn,7,minor,"[7, 0]_0",0.918364915,"['D5', 'G4', 'G3']",175.0 to 175.875,"[2, 7]","['D3', 'D5', 'G3', 'G4']","[0, 0, 2, 0, 0, 0, 0, 2, 0, 0, 0, 0]"
175.625,<music21.chord.Chord D5 G4>,"[0, 5]","[2, 7]","[0, 5]",74,67,String Quartet Op1 No3 ii D major.mid,Haydn,7,minor,"[7, 0]_0",0.918364915,"['D5', 'G4']",175.0 to 175.875,"[2, 7]","['D3', 'D5', 'G3', 'G4']","[0, 0, 2, 0, 0, 0, 0, 2, 0, 0, 0, 0]"
175.875,<music21.chord.Chord G4>,[0],[7],[5],67,67,String Quartet Op1 No3 ii D major.mid,Haydn,7,minor,[0]_0,0.918364915,['G4'],175.0 to 175.875,"[2, 7]","['D3', 'D5', 'G3', 'G4']","[0, 0, 2, 0, 0, 0, 0, 2, 0, 0, 0, 0]"
176.0,<music21.chord.Chord D5 G4 B-3>,"[0, 3, 7]","[7, 10, 2]","[5, 8, 0]",74,58,String Quartet Op1 No3 ii D major.mid,Haydn,7,minor,"[0, 3, 7]_3",0.918364915,"['D5', 'G4', 'B-3']",176.0 to 176.625,"[2, 7, 10]","['B-3', 'D4', 'D5', 'G4']","[0, 0, 2, 0, 0, 0, 0, 1, 0, 0, 1, 0]"
176.125,<music21.chord.Chord D5 G4>,"[0, 5]","[2, 7]","[0, 5]",74,67,String Quartet Op1 No3 ii D major.mid,Haydn,7,minor,"[7, 0]_0",0.918364915,"['D5', 'G4']",176.0 to 176.625,"[2, 7, 10]","['B-3', 'D4', 'D5', 'G4']","[0, 0, 2, 0, 0, 0, 0, 1, 0, 0, 1, 0]"
176.25,<music21.chord.Chord G4>,[0],[7],[5],67,67,String Quartet Op1 No3 ii D major.mid,Haydn,7,minor,[0]_0,0.918364915,['G4'],176.0 to 176.625,"[2, 7, 10]","['B-3', 'D4', 'D5', 'G4']","[0, 0, 2, 0, 0, 0, 0, 1, 0, 0, 1, 0]"
176.5,<music21.chord.Chord G4 D4>,"[0, 5]","[2, 7]","[0, 5]",67,62,String Quartet Op1 No3 ii D major.mid,Haydn,7,minor,"[7, 0]_7",0.918364915,"['G4', 'D4']",176.0 to 176.625,"[2, 7, 10]","['B-3', 'D4', 'D5', 'G4']","[0, 0, 2, 0, 0, 0, 0, 1, 0, 0, 1, 0]"
176.625,<music21.chord.Chord G4>,[0],[7],[5],67,67,String Quartet Op1 No3 ii D major.mid,Haydn,7,minor,[0]_0,0.918364915,['G4'],176.0 to 176.625,"[2, 7, 10]","['B-3', 'D4', 'D5', 'G4']","[0, 0, 2, 0, 0, 0, 0, 1, 0, 0, 1, 0]"
177.0,<music21.chord.Chord A5 D4 F#4 D3>,"[0, 4, 7]","[2, 6, 9]","[0, 4, 7]",81,50,String Quartet Op1 No3 ii D major.mid,Haydn,7,minor,"[7, 11, 2]_7",0.918364915,"['A5', 'D4', 'F#4', 'D3']",177.0 to 177.875,"[2, 6, 9]","['A5', 'D3', 'D4', 'F#4']","[0, 0, 2, 0, 0, 0, 1, 0, 0, 1, 0, 0]"
177.5,<music21.chord.Chord A5 F#4 D3>,"[0, 4, 7]","[2, 6, 9]","[0, 4, 7]",81,50,String Quartet Op1 No3 ii D major.mid,Haydn,7,minor,"[7, 11, 2]_7",0.9118008559999999,"['A5', 'F#4', 'D3']",177.0 to 177.875,"[2, 6, 9]","['A5', 'D3', 'D4', 'F#4']","[0, 0, 2, 0, 0, 0, 1, 0, 0, 1, 0, 0]"
177.875,<music21.chord.Chord A5 F#4>,"[0, 3]","[6, 9]","[4, 7]",81,66,String Quartet Op1 No3 ii D major.mid,Haydn,7,minor,"[11, 2]_11",0.9118008559999999,"['A5', 'F#4']",177.0 to 177.875,"[2, 6, 9]","['A5', 'D3', 'D4', 'F#4']","[0, 0, 2, 0, 0, 0, 1, 0, 0, 1, 0, 0]"
178.0,<music21.chord.Chord D5 A4 F#4>,"[0, 4, 7]","[2, 6, 9]","[0, 4, 7]",74,66,String Quartet Op1 No3 ii D major.mid,Haydn,7,minor,"[7, 11, 2]_11",0.9118008559999999,"['D5', 'A4', 'F#4']",178.0 to 178.875,"[2, 6, 9]","['A4', 'D5', 'F#4']","[0, 0, 1, 0, 0, 0, 1, 0, 0, 1, 0, 0]"
178.5,<music21.chord.Chord D5 F#4>,"[0, 4]","[2, 6]","[0, 4]",74,66,String Quartet Op1 No3 ii D major.mid,Haydn,7,minor,"[7, 11]_11",0.9118008559999999,"['D5', 'F#4']",178.0 to 178.875,"[2, 6, 9]","['A4', 'D5', 'F#4']","[0, 0, 1, 0, 0, 0, 1, 0, 0, 1, 0, 0]"
178.625,<music21.chord.Chord D5 F#4>,"[0, 4]","[2, 6]","[0, 4]",74,66,String Quartet Op1 No3 ii D major.mid,Haydn,7,minor,"[7, 11]_11",0.9118008559999999,"['D5', 'F#4']",178.0 to 178.875,"[2, 6, 9]","['A4', 'D5', 'F#4']","[0, 0, 1, 0, 0, 0, 1, 0, 0, 1, 0, 0]"
178.875,<music21.chord.Chord F#4>,[0],[6],[4],66,66,String Quartet Op1 No3 ii D major.mid,Haydn,7,minor,[11]_11,0.9118008559999999,['F#4'],178.0 to 178.875,"[2, 6, 9]","['A4', 'D5', 'F#4']","[0, 0, 1, 0, 0, 0, 1, 0, 0, 1, 0, 0]"
179.0,<music21.chord.Chord D5 F#5 F#4>,"[0, 4]","[2, 6]","[0, 4]",78,66,String Quartet Op1 No3 ii D major.mid,Haydn,7,minor,"[7, 11]_11",0.9118008559999999,"['D5', 'F#5', 'F#4']",179.0 to 179.625,"[2, 6, 9]","['A5', 'D5', 'F#4', 'F#5']","[0, 0, 1, 0, 0, 0, 2, 0, 0, 1, 0, 0]"
179.125,<music21.chord.Chord D5 F#4>,"[0, 4]","[2, 6]","[0, 4]",74,66,String Quartet Op1 No3 ii D major.mid,Haydn,7,minor,"[7, 11]_11",0.9118008559999999,"['D5', 'F#4']",179.0 to 179.625,"[2, 6, 9]","['A5', 'D5', 'F#4', 'F#5']","[0, 0, 1, 0, 0, 0, 2, 0, 0, 1, 0, 0]"
179.25,<music21.chord.Chord F#4>,[0],[6],[4],66,66,String Quartet Op1 No3 ii D major.mid,Haydn,7,minor,[11]_11,0.9118008559999999,['F#4'],179.0 to 179.625,"[2, 6, 9]","['A5', 'D5', 'F#4', 'F#5']","[0, 0, 1, 0, 0, 0, 2, 0, 0, 1, 0, 0]"
179.5,<music21.chord.Chord A5 F#4>,"[0, 3]","[6, 9]","[4, 7]",81,66,String Quartet Op1 No3 ii D major.mid,Haydn,7,minor,"[11, 2]_11",0.9118008559999999,"['A5', 'F#4']",179.0 to 179.625,"[2, 6, 9]","['A5', 'D5', 'F#4', 'F#5']","[0, 0, 1, 0, 0, 0, 2, 0, 0, 1, 0, 0]"
179.625,<music21.chord.Chord F#4>,[0],[6],[4],66,66,String Quartet Op1 No3 ii D major.mid,Haydn,7,minor,[11]_11,0.9118008559999999,['F#4'],179.0 to 179.625,"[2, 6, 9]","['A5', 'D5', 'F#4', 'F#5']","[0, 0, 1, 0, 0, 0, 2, 0, 0, 1, 0, 0]"
180.0,<music21.chord.Chord G5 G4 B-3>,"[0, 3]","[7, 10]","[5, 8]",79,58,String Quartet Op1 No3 ii D major.mid,Haydn,7,minor,"[0, 3]_3",0.9118008559999999,"['G5', 'G4', 'B-3']",180.0 to 180.875,"[2, 7, 10]","['B-3', 'D5', 'G4', 'G5']","[0, 0, 1, 0, 0, 0, 0, 2, 0, 0, 1, 0]"
180.5,<music21.chord.Chord D5 G5 G4 B-3>,"[0, 3, 7]","[7, 10, 2]","[5, 8, 0]",79,58,String Quartet Op1 No3 ii D major.mid,Haydn,7,minor,"[0, 3, 7]_3",0.9118008559999999,"['D5', 'G5', 'G4', 'B-3']",180.0 to 180.875,"[2, 7, 10]","['B-3', 'D5', 'G4', 'G5']","[0, 0, 1, 0, 0, 0, 0, 2, 0, 0, 1, 0]"
180.875,<music21.chord.Chord D5 B-3>,"[0, 4]","[10, 2]","[8, 0]",74,58,String Quartet Op1 No3 ii D major.mid,Haydn,7,minor,"[3, 7]_3",0.9118008559999999,"['D5', 'B-3']",180.0 to 180.875,"[2, 7, 10]","['B-3', 'D5', 'G4', 'G5']","[0, 0, 1, 0, 0, 0, 0, 2, 0, 0, 1, 0]"
181.0,<music21.chord.Chord C5 G4 B-3>,"[0, 3, 5]","[7, 10, 0]","[5, 8, 10]",72,58,String Quartet Op1 No3 ii D major.mid,Haydn,7,minor,"[0, 3, 5]_3",0.9118008559999999,"['C5', 'G4', 'B-3']",181.0 to 181.875,"[0, 7, 10]","['B-3', 'B-4', 'C5', 'G4']","[1, 0, 0, 0, 0, 0, 0, 1, 0, 0, 2, 0]"
181.5,<music21.chord.Chord B-4 G4 B-3>,"[0, 3]","[7, 10]","[5, 8]",70,58,String Quartet Op1 No3 ii D major.mid,Haydn,7,minor,"[0, 3]_3",0.9118008559999999,"['B-4', 'G4', 'B-3']",181.0 to 181.875,"[0, 7, 10]","['B-3', 'B-4', 'C5', 'G4']","[1, 0, 0, 0, 0, 0, 0, 1, 0, 0, 2, 0]"
181.625,<music21.chord.Chord G4 B-3>,"[0, 3]","[7, 10]","[5, 8]",67,58,String Quartet Op1 No3 ii D major.mid,Haydn,7,minor,"[0, 3]_3",0.9118008559999999,"['G4', 'B-3']",181.0 to 181.875,"[0, 7, 10]","['B-3', 'B-4', 'C5', 'G4']","[1, 0, 0, 0, 0, 0, 0, 1, 0, 0, 2, 0]"
181.875,<music21.chord.Chord B-3>,[0],[10],[8],58,58,String Quartet Op1 No3 ii D major.mid,Haydn,7,minor,[3]_3,0.9118008559999999,['B-3'],181.0 to 181.875,"[0, 7, 10]","['B-3', 'B-4', 'C5', 'G4']","[1, 0, 0, 0, 0, 0, 0, 1, 0, 0, 2, 0]"
182.0,<music21.chord.Chord A4 G4 B-3>,"[0, 2, 3]","[7, 9, 10]","[5, 7, 8]",69,58,String Quartet Op1 No3 ii D major.mid,Haydn,7,minor,"[0, 2, 3]_3",0.9118008559999999,"['A4', 'G4', 'B-3']",182.0 to 182.75,"[7, 9, 10]","['A4', 'B-3', 'G4']","[0, 0, 0, 0, 0, 0, 0, 1, 0, 1, 1, 0]"
182.125,<music21.chord.Chord G4 B-3>,"[0, 3]","[7, 10]","[5, 8]",67,58,String Quartet Op1 No3 ii D major.mid,Haydn,7,minor,"[0, 3]_3",0.9159892279999999,"['G4', 'B-3']",182.0 to 182.75,"[7, 9, 10]","['A4', 'B-3', 'G4']","[0, 0, 0, 0, 0, 0, 0, 1, 0, 1, 1, 0]"
182.5,<music21.chord.Chord G4 B-3>,"[0, 3]","[7, 10]","[5, 8]",67,58,String Quartet Op1 No3 ii D major.mid,Haydn,7,minor,"[0, 3]_3",0.9159892279999999,"['G4', 'B-3']",182.0 to 182.75,"[7, 9, 10]","['A4', 'B-3', 'G4']","[0, 0, 0, 0, 0, 0, 0, 1, 0, 1, 1, 0]"
182.625,<music21.chord.Chord G4 B-3>,"[0, 3]","[7, 10]","[5, 8]",67,58,String Quartet Op1 No3 ii D major.mid,Haydn,7,minor,"[0, 3]_3",0.9159892279999999,"['G4', 'B-3']",182.0 to 182.75,"[7, 9, 10]","['A4', 'B-3', 'G4']","[0, 0, 0, 0, 0, 0, 0, 1, 0, 1, 1, 0]"
182.75,<music21.chord.Chord G4>,[0],[7],[5],67,67,String Quartet Op1 No3 ii D major.mid,Haydn,7,minor,[0]_0,0.9159892279999999,['G4'],182.0 to 182.75,"[7, 9, 10]","['A4', 'B-3', 'G4']","[0, 0, 0, 0, 0, 0, 0, 1, 0, 1, 1, 0]"
183.0,<music21.chord.Chord E-5 G4 C5 C4>,"[0, 3, 7]","[0, 3, 7]","[10, 1, 5]",75,60,String Quartet Op1 No3 ii D major.mid,Haydn,7,minor,"[5, 8, 0]_5",0.9159892279999999,"['E-5', 'G4', 'C5', 'C4']",183.0 to 183.5,"[0, 2, 3, 7]","['C4', 'C5', 'D5', 'E-5', 'G4']","[2, 0, 1, 1, 0, 0, 0, 1, 0, 0, 0, 0]"
183.5,<music21.chord.Chord D5 G4 C5 C4>,"[0, 2, 7]","[0, 2, 7]","[10, 0, 5]",74,60,String Quartet Op1 No3 ii D major.mid,Haydn,7,minor,"[5, 7, 0]_5",0.9159892279999999,"['D5', 'G4', 'C5', 'C4']",183.0 to 183.5,"[0, 2, 3, 7]","['C4', 'C5', 'D5', 'E-5', 'G4']","[2, 0, 1, 1, 0, 0, 0, 1, 0, 0, 0, 0]"
184.0,<music21.chord.Chord C5 G4 C4>,"[0, 5]","[7, 0]","[5, 10]",72,60,String Quartet Op1 No3 ii D major.mid,Haydn,7,minor,"[0, 5]_5",0.9159892279999999,"['C5', 'G4', 'C4']",184.0 to 184.75,"[0, 3, 7]","['C4', 'C5', 'E-5', 'G4']","[2, 0, 0, 1, 0, 0, 0, 1, 0, 0, 0, 0]"
184.5,<music21.chord.Chord E-5 G4 C5 C4>,"[0, 3, 7]","[0, 3, 7]","[10, 1, 5]",75,60,String Quartet Op1 No3 ii D major.mid,Haydn,7,minor,"[5, 8, 0]_5",0.9159892279999999,"['E-5', 'G4', 'C5', 'C4']",184.0 to 184.75,"[0, 3, 7]","['C4', 'C5', 'E-5', 'G4']","[2, 0, 0, 1, 0, 0, 0, 1, 0, 0, 0, 0]"
184.625,<music21.chord.Chord G4 C5 C4>,"[0, 5]","[7, 0]","[5, 10]",72,60,String Quartet Op1 No3 ii D major.mid,Haydn,7,minor,"[0, 5]_5",0.9159892279999999,"['G4', 'C5', 'C4']",184.0 to 184.75,"[0, 3, 7]","['C4', 'C5', 'E-5', 'G4']","[2, 0, 0, 1, 0, 0, 0, 1, 0, 0, 0, 0]"
184.75,<music21.chord.Chord G4>,[0],[7],[5],67,67,String Quartet Op1 No3 ii D major.mid,Haydn,7,minor,[0]_0,0.9159892279999999,['G4'],184.0 to 184.75,"[0, 3, 7]","['C4', 'C5', 'E-5', 'G4']","[2, 0, 0, 1, 0, 0, 0, 1, 0, 0, 0, 0]"
185.0,<music21.chord.Chord D5 G4 B-4 B-3>,"[0, 3, 7]","[7, 10, 2]","[5, 8, 0]",74,58,String Quartet Op1 No3 ii D major.mid,Haydn,7,minor,"[0, 3, 7]_3",0.9159892279999999,"['D5', 'G4', 'B-4', 'B-3']",185.0 to 185.875,"[2, 7, 10]","['B-3', 'B-4', 'D5', 'G4']","[0, 0, 1, 0, 0, 0, 0, 1, 0, 0, 2, 0]"
185.125,<music21.chord.Chord G4 B-4 B-3>,"[0, 3]","[7, 10]","[5, 8]",70,58,String Quartet Op1 No3 ii D major.mid,Haydn,7,minor,"[0, 3]_3",0.9159892279999999,"['G4', 'B-4', 'B-3']",185.0 to 185.875,"[2, 7, 10]","['B-3', 'B-4', 'D5', 'G4']","[0, 0, 1, 0, 0, 0, 0, 1, 0, 0, 2, 0]"
185.5,<music21.chord.Chord B-4 G4 B-3>,"[0, 3]","[7, 10]","[5, 8]",70,58,String Quartet Op1 No3 ii D major.mid,Haydn,7,minor,"[0, 3]_3",0.9159892279999999,"['B-4', 'G4', 'B-3']",185.0 to 185.875,"[2, 7, 10]","['B-3', 'B-4', 'D5', 'G4']","[0, 0, 1, 0, 0, 0, 0, 1, 0, 0, 2, 0]"
185.625,<music21.chord.Chord G4 B-4 B-3>,"[0, 3]","[7, 10]","[5, 8]",70,58,String Quartet Op1 No3 ii D major.mid,Haydn,7,minor,"[0, 3]_3",0.9159892279999999,"['G4', 'B-4', 'B-3']",185.0 to 185.875,"[2, 7, 10]","['B-3', 'B-4', 'D5', 'G4']","[0, 0, 1, 0, 0, 0, 0, 1, 0, 0, 2, 0]"
185.875,<music21.chord.Chord G4>,[0],[7],[5],67,67,String Quartet Op1 No3 ii D major.mid,Haydn,7,minor,[0]_0,0.9159892279999999,['G4'],185.0 to 185.875,"[2, 7, 10]","['B-3', 'B-4', 'D5', 'G4']","[0, 0, 1, 0, 0, 0, 0, 1, 0, 0, 2, 0]"
186.0,<music21.chord.Chord C5 G4 A4 A3>,"[0, 2, 5]","[7, 9, 0]","[5, 7, 10]",72,57,String Quartet Op1 No3 ii D major.mid,Haydn,7,minor,"[0, 2, 5]_2",0.9159892279999999,"['C5', 'G4', 'A4', 'A3']",186.0 to 186.875,"[0, 7, 9, 10]","['A3', 'A4', 'B-4', 'C5', 'G4']","[1, 0, 0, 0, 0, 0, 0, 1, 0, 2, 1, 0]"
186.5,<music21.chord.Chord B-4 G4 A4 A3>,"[0, 2, 3]","[7, 9, 10]","[5, 7, 8]",70,57,String Quartet Op1 No3 ii D major.mid,Haydn,7,minor,"[0, 2, 3]_2",0.9159892279999999,"['B-4', 'G4', 'A4', 'A3']",186.0 to 186.875,"[0, 7, 9, 10]","['A3', 'A4', 'B-4', 'C5', 'G4']","[1, 0, 0, 0, 0, 0, 0, 1, 0, 2, 1, 0]"
186.875,<music21.chord.Chord B-4 A4 A3>,"[0, 1]","[9, 10]","[7, 8]",70,57,String Quartet Op1 No3 ii D major.mid,Haydn,7,minor,"[2, 3]_2",0.9159892279999999,"['B-4', 'A4', 'A3']",186.0 to 186.875,"[0, 7, 9, 10]","['A3', 'A4', 'B-4', 'C5', 'G4']","[1, 0, 0, 0, 0, 0, 0, 1, 0, 2, 1, 0]"
187.0,<music21.chord.Chord A4 F#4 A3>,"[0, 3]","[6, 9]","[4, 7]",69,57,String Quartet Op1 No3 ii D major.mid,Haydn,7,minor,"[11, 2]_2",0.9159892279999999,"['A4', 'F#4', 'A3']",187.0 to 187.75,"[0, 6, 9]","['A3', 'A4', 'C5', 'F#4']","[1, 0, 0, 0, 0, 0, 1, 0, 0, 2, 0, 0]"
187.5,<music21.chord.Chord C5 F#4 A4 A3>,"[0, 3, 6]","[6, 9, 0]","[4, 7, 10]",72,57,String Quartet Op1 No3 ii D major.mid,Haydn,7,minor,"[11, 2, 5]_2",0.9159892279999999,"['C5', 'F#4', 'A4', 'A3']",187.0 to 187.75,"[0, 6, 9]","['A3', 'A4', 'C5', 'F#4']","[1, 0, 0, 0, 0, 0, 1, 0, 0, 2, 0, 0]"
187.625,<music21.chord.Chord F#4 A4 A3>,"[0, 3]","[6, 9]","[4, 7]",69,57,String Quartet Op1 No3 ii D major.mid,Haydn,7,minor,"[11, 2]_2",0.9159892279999999,"['F#4', 'A4', 'A3']",187.0 to 187.75,"[0, 6, 9]","['A3', 'A4', 'C5', 'F#4']","[1, 0, 0, 0, 0, 0, 1, 0, 0, 2, 0, 0]"
187.75,<music21.chord.Chord F#4>,[0],[6],[4],66,66,String Quartet Op1 No3 ii D major.mid,Haydn,7,minor,[11]_11,0.9159892279999999,['F#4'],187.0 to 187.75,"[0, 6, 9]","['A3', 'A4', 'C5', 'F#4']","[1, 0, 0, 0, 0, 0, 1, 0, 0, 2, 0, 0]"
188.0,<music21.chord.Chord B-4 G4 G3>,"[0, 3]","[7, 10]","[5, 8]",70,55,String Quartet Op1 No3 ii D major.mid,Haydn,7,minor,"[0, 3]_0",0.9159892279999999,"['B-4', 'G4', 'G3']",188.0 to 188.625,"[7, 10]","['B-4', 'G3', 'G4']","[0, 0, 0, 0, 0, 0, 0, 2, 0, 0, 1, 0]"
188.125,<music21.chord.Chord G4 G3>,[0],[7],[5],67,55,String Quartet Op1 No3 ii D major.mid,Haydn,7,minor,[0]_0,0.9159892279999999,"['G4', 'G3']",188.0 to 188.625,"[7, 10]","['B-4', 'G3', 'G4']","[0, 0, 0, 0, 0, 0, 0, 2, 0, 0, 1, 0]"
188.5,<music21.chord.Chord G4 G3>,[0],[7],[5],67,55,String Quartet Op1 No3 ii D major.mid,Haydn,7,minor,[0]_0,0.9159892279999999,"['G4', 'G3']",188.0 to 188.625,"[7, 10]","['B-4', 'G3', 'G4']","[0, 0, 0, 0, 0, 0, 0, 2, 0, 0, 1, 0]"
188.625,<music21.chord.Chord G4 G3>,[0],[7],[5],67,55,String Quartet Op1 No3 ii D major.mid,Haydn,7,minor,[0]_0,0.9159892279999999,"['G4', 'G3']",188.0 to 188.625,"[7, 10]","['B-4', 'G3', 'G4']","[0, 0, 0, 0, 0, 0, 0, 2, 0, 0, 1, 0]"
189.0,<music21.chord.Chord D4 D3>,[0],[2],[0],62,50,String Quartet Op1 No3 ii D major.mid,Haydn,7,minor,[7]_7,0.9159892279999999,"['D4', 'D3']",189.0 to 189.0,[2],"['D3', 'D4']","[0, 0, 2, 0, 0, 0, 0, 0, 0, 0, 0, 0]"
190.0,<music21.chord.Chord D3 D4>,[0],[2],[0],62,50,String Quartet Op1 No3 ii D major.mid,Haydn,7,minor,[7]_7,0.9159892279999999,"['D3', 'D4']",190.0 to 190.0,[2],"['D3', 'D4']","[0, 0, 2, 0, 0, 0, 0, 0, 0, 0, 0, 0]"
192.0,<music21.chord.Chord G3>,[0],[7],[5],55,55,String Quartet Op1 No3 ii D major.mid,Haydn,7,minor,[0]_0,0.915440446,['G3'],192.0 to 192.0,[7],['G3'],"[0, 0, 0, 0, 0, 0, 0, 1, 0, 0, 0, 0]"
193.0,<music21.chord.Chord D5>,[0],[2],[0],74,74,String Quartet Op1 No3 ii D major.mid,Haydn,7,minor,[7]_7,0.915440446,['D5'],193.0 to 193.0,[2],['D5'],"[0, 0, 1, 0, 0, 0, 0, 0, 0, 0, 0, 0]"
194.0,<music21.chord.Chord B4>,[0],[11],[9],71,71,String Quartet Op1 No3 ii D major.mid,Haydn,7,major,[4]_4,0.90925342,['B4'],194.0 to 194.0,[11],['B4'],"[0, 0, 0, 0, 0, 0, 0, 0, 0, 0, 0, 1]"
195.0,<music21.chord.Chord D4>,[0],[2],[0],62,62,String Quartet Op1 No3 ii D major.mid,Haydn,7,major,[7]_7,0.90925342,['D4'],195.0 to 195.0,[2],['D4'],"[0, 0, 1, 0, 0, 0, 0, 0, 0, 0, 0, 0]"
196.0,<music21.chord.Chord C5>,[0],[0],[10],72,72,String Quartet Op1 No3 ii D major.mid,Haydn,7,major,[5]_5,0.90925342,['C5'],196.0 to 196.0,[0],['C5'],"[1, 0, 0, 0, 0, 0, 0, 0, 0, 0, 0, 0]"
197.0,<music21.chord.Chord A4>,[0],[9],[7],69,69,String Quartet Op1 No3 ii D major.mid,Haydn,7,major,[2]_2,0.90925342,['A4'],197.0 to 197.0,[9],['A4'],"[0, 0, 0, 0, 0, 0, 0, 0, 0, 1, 0, 0]"
198.0,<music21.chord.Chord E4>,[0],[4],[2],64,64,String Quartet Op1 No3 ii D major.mid,Haydn,7,major,[9]_9,0.90925342,['E4'],198.0 to 198.0,[4],['E4'],"[0, 0, 0, 0, 1, 0, 0, 0, 0, 0, 0, 0]"
199.0,<music21.chord.Chord G5>,[0],[7],[5],79,79,String Quartet Op1 No3 ii D major.mid,Haydn,7,major,[0]_0,0.90925342,['G5'],199.0 to 199.5,"[4, 7]","['E5', 'G5']","[0, 0, 0, 0, 1, 0, 0, 1, 0, 0, 0, 0]"
199.5,<music21.chord.Chord E5>,[0],[4],[2],76,76,String Quartet Op1 No3 ii D major.mid,Haydn,7,major,[9]_9,0.861839427,['E5'],199.0 to 199.5,"[4, 7]","['E5', 'G5']","[0, 0, 0, 0, 1, 0, 0, 1, 0, 0, 0, 0]"
200.0,<music21.chord.Chord D5>,[0],[2],[0],74,74,String Quartet Op1 No3 ii D major.mid,Haydn,7,major,[7]_7,0.861839427,['D5'],200.0 to 200.5,"[0, 2]","['C5', 'D5']","[1, 0, 1, 0, 0, 0, 0, 0, 0, 0, 0, 0]"
200.5,<music21.chord.Chord C5>,[0],[0],[10],72,72,String Quartet Op1 No3 ii D major.mid,Haydn,7,major,[5]_5,0.849401313,['C5'],200.0 to 200.5,"[0, 2]","['C5', 'D5']","[1, 0, 1, 0, 0, 0, 0, 0, 0, 0, 0, 0]"
201.0,<music21.chord.Chord B4>,[0],[11],[9],71,71,String Quartet Op1 No3 ii D major.mid,Haydn,7,major,[4]_4,0.849401313,['B4'],201.0 to 201.0,[11],['B4'],"[0, 0, 0, 0, 0, 0, 0, 0, 0, 0, 0, 1]"
202.0,<music21.chord.Chord A4>,[0],[9],[7],69,69,String Quartet Op1 No3 ii D major.mid,Haydn,7,major,[2]_2,0.8590204229999999,['A4'],202.0 to 202.0,[9],['A4'],"[0, 0, 0, 0, 0, 0, 0, 0, 0, 1, 0, 0]"
204.0,<music21.chord.Chord C6 D4 F#4 D3>,"[0, 2, 6]","[0, 2, 6]","[10, 0, 4]",84,50,String Quartet Op1 No3 ii D major.mid,Haydn,7,major,"[5, 7, 11]_7",0.8590204229999999,"['C6', 'D4', 'F#4', 'D3']",204.0 to 204.5,"[0, 2, 6]","['C6', 'D3', 'D4', 'F#4']","[1, 0, 2, 0, 0, 0, 1, 0, 0, 0, 0, 0]"
204.5,<music21.chord.Chord C6 F#4 D3>,"[0, 2, 6]","[0, 2, 6]","[10, 0, 4]",84,50,String Quartet Op1 No3 ii D major.mid,Haydn,7,major,"[5, 7, 11]_7",0.919321743,"['C6', 'F#4', 'D3']",204.0 to 204.5,"[0, 2, 6]","['C6', 'D3', 'D4', 'F#4']","[1, 0, 2, 0, 0, 0, 1, 0, 0, 0, 0, 0]"
205.0,<music21.chord.Chord C6 A4 F#4 D3>,"[0, 3, 6, 8]","[6, 9, 0, 2]","[4, 7, 10, 0]",84,50,String Quartet Op1 No3 ii D major.mid,Haydn,7,major,"[11, 2, 5, 7]_7",0.919321743,"['C6', 'A4', 'F#4', 'D3']",205.0 to 205.625,"[0, 2, 6, 9]","['A4', 'C6', 'D3', 'D5', 'F#4']","[1, 0, 2, 0, 0, 0, 1, 0, 0, 1, 0, 0]"
205.5,<music21.chord.Chord C6 D5 F#4 D3>,"[0, 2, 6]","[0, 2, 6]","[10, 0, 4]",84,50,String Quartet Op1 No3 ii D major.mid,Haydn,7,major,"[5, 7, 11]_7",0.919321743,"['C6', 'D5', 'F#4', 'D3']",205.0 to 205.625,"[0, 2, 6, 9]","['A4', 'C6', 'D3', 'D5', 'F#4']","[1, 0, 2, 0, 0, 0, 1, 0, 0, 1, 0, 0]"
205.625,<music21.chord.Chord C6 F#4 D3>,"[0, 2, 6]","[0, 2, 6]","[10, 0, 4]",84,50,String Quartet Op1 No3 ii D major.mid,Haydn,7,major,"[5, 7, 11]_7",0.919321743,"['C6', 'F#4', 'D3']",205.0 to 205.625,"[0, 2, 6, 9]","['A4', 'C6', 'D3', 'D5', 'F#4']","[1, 0, 2, 0, 0, 0, 1, 0, 0, 1, 0, 0]"
206.0,<music21.chord.Chord C6 F#5 F#4 D3>,"[0, 2, 6]","[0, 2, 6]","[10, 0, 4]",84,50,String Quartet Op1 No3 ii D major.mid,Haydn,7,major,"[5, 7, 11]_7",0.919321743,"['C6', 'F#5', 'F#4', 'D3']",206.0 to 206.625,"[0, 2, 6, 9]","['A5', 'C6', 'D3', 'F#4', 'F#5']","[1, 0, 1, 0, 0, 0, 2, 0, 0, 1, 0, 0]"
206.125,<music21.chord.Chord C6 F#4 D3>,"[0, 2, 6]","[0, 2, 6]","[10, 0, 4]",84,50,String Quartet Op1 No3 ii D major.mid,Haydn,7,major,"[5, 7, 11]_7",0.919321743,"['C6', 'F#4', 'D3']",206.0 to 206.625,"[0, 2, 6, 9]","['A5', 'C6', 'D3', 'F#4', 'F#5']","[1, 0, 1, 0, 0, 0, 2, 0, 0, 1, 0, 0]"
206.5,<music21.chord.Chord C6 A5 F#4 D3>,"[0, 3, 6, 8]","[6, 9, 0, 2]","[4, 7, 10, 0]",84,50,String Quartet Op1 No3 ii D major.mid,Haydn,7,major,"[11, 2, 5, 7]_7",0.919321743,"['C6', 'A5', 'F#4', 'D3']",206.0 to 206.625,"[0, 2, 6, 9]","['A5', 'C6', 'D3', 'F#4', 'F#5']","[1, 0, 1, 0, 0, 0, 2, 0, 0, 1, 0, 0]"
206.625,<music21.chord.Chord C6 F#4 D3>,"[0, 2, 6]","[0, 2, 6]","[10, 0, 4]",84,50,String Quartet Op1 No3 ii D major.mid,Haydn,7,major,"[5, 7, 11]_7",0.919321743,"['C6', 'F#4', 'D3']",206.0 to 206.625,"[0, 2, 6, 9]","['A5', 'C6', 'D3', 'F#4', 'F#5']","[1, 0, 1, 0, 0, 0, 2, 0, 0, 1, 0, 0]"
207.0,<music21.chord.Chord B5 G5 G4 G3>,"[0, 4]","[7, 11]","[5, 9]",83,55,String Quartet Op1 No3 ii D major.mid,Haydn,7,major,"[0, 4]_0",0.919321743,"['B5', 'G5', 'G4', 'G3']",207.0 to 207.875,"[7, 11]","['B5', 'G3', 'G4', 'G5']","[0, 0, 0, 0, 0, 0, 0, 3, 0, 0, 0, 1]"
207.5,<music21.chord.Chord G5 G4 G3>,[0],[7],[5],79,55,String Quartet Op1 No3 ii D major.mid,Haydn,7,major,[0]_0,0.919321743,"['G5', 'G4', 'G3']",207.0 to 207.875,"[7, 11]","['B5', 'G3', 'G4', 'G5']","[0, 0, 0, 0, 0, 0, 0, 3, 0, 0, 0, 1]"
207.875,<music21.chord.Chord G5>,[0],[7],[5],79,79,String Quartet Op1 No3 ii D major.mid,Haydn,7,major,[0]_0,0.919321743,['G5'],207.0 to 207.875,"[7, 11]","['B5', 'G3', 'G4', 'G5']","[0, 0, 0, 0, 0, 0, 0, 3, 0, 0, 0, 1]"
208.0,<music21.chord.Chord D5>,[0],[2],[0],74,74,String Quartet Op1 No3 ii D major.mid,Haydn,7,major,[7]_7,0.919321743,['D5'],208.0 to 208.5,"[2, 11]","['B4', 'D5']","[0, 0, 1, 0, 0, 0, 0, 0, 0, 0, 0, 1]"
208.5,<music21.chord.Chord B4>,[0],[11],[9],71,71,String Quartet Op1 No3 ii D major.mid,Haydn,7,major,[4]_4,0.919321743,['B4'],208.0 to 208.5,"[2, 11]","['B4', 'D5']","[0, 0, 1, 0, 0, 0, 0, 0, 0, 0, 0, 1]"
209.0,<music21.chord.Chord G4>,[0],[7],[5],67,67,String Quartet Op1 No3 ii D major.mid,Haydn,7,major,[0]_0,0.919321743,['G4'],209.0 to 209.5,"[7, 11]","['B4', 'G4']","[0, 0, 0, 0, 0, 0, 0, 1, 0, 0, 0, 1]"
209.5,<music21.chord.Chord B4>,[0],[11],[9],71,71,String Quartet Op1 No3 ii D major.mid,Haydn,7,major,[4]_4,0.919321743,['B4'],209.0 to 209.5,"[7, 11]","['B4', 'G4']","[0, 0, 0, 0, 0, 0, 0, 1, 0, 0, 0, 1]"
210.0,<music21.chord.Chord D4 B4 B3>,"[0, 3]","[11, 2]","[9, 0]",71,59,String Quartet Op1 No3 ii D major.mid,Haydn,7,major,"[4, 7]_4",0.919321743,"['D4', 'B4', 'B3']",210.0 to 210.875,"[0, 2, 11]","['B3', 'B4', 'C4', 'C5', 'D4']","[2, 0, 1, 0, 0, 0, 0, 0, 0, 0, 0, 2]"
210.5,<music21.chord.Chord D4 C5 C4>,"[0, 2]","[0, 2]","[10, 0]",72,60,String Quartet Op1 No3 ii D major.mid,Haydn,7,major,"[5, 7]_5",0.919321743,"['D4', 'C5', 'C4']",210.0 to 210.875,"[0, 2, 11]","['B3', 'B4', 'C4', 'C5', 'D4']","[2, 0, 1, 0, 0, 0, 0, 0, 0, 0, 0, 2]"
210.875,<music21.chord.Chord C5 C4>,[0],[0],[10],72,60,String Quartet Op1 No3 ii D major.mid,Haydn,7,major,[5]_5,0.919321743,"['C5', 'C4']",210.0 to 210.875,"[0, 2, 11]","['B3', 'B4', 'C4', 'C5', 'D4']","[2, 0, 1, 0, 0, 0, 0, 0, 0, 0, 0, 2]"
211.0,<music21.chord.Chord B4 G4 D5 D4>,"[0, 4, 7]","[7, 11, 2]","[5, 9, 0]",74,62,String Quartet Op1 No3 ii D major.mid,Haydn,7,major,"[0, 4, 7]_7",0.919321743,"['B4', 'G4', 'D5', 'D4']",211.0 to 211.0,"[2, 7, 11]","['B4', 'D4', 'D5', 'G4']","[0, 0, 2, 0, 0, 0, 0, 1, 0, 0, 0, 1]"
212.0,<music21.chord.Chord B4 G4 D4 D3>,"[0, 4, 7]","[7, 11, 2]","[5, 9, 0]",71,50,String Quartet Op1 No3 ii D major.mid,Haydn,7,major,"[0, 4, 7]_7",0.919321743,"['B4', 'G4', 'D4', 'D3']",212.0 to 212.875,"[2, 4, 6, 7, 9, 11]","['A4', 'B4', 'D3', 'D4', 'E4', 'F#4', 'G4']","[0, 0, 2, 0, 1, 0, 1, 1, 0, 1, 0, 1]"
212.125,<music21.chord.Chord A4 F#4 D4 D3>,"[0, 4, 7]","[2, 6, 9]","[0, 4, 7]",69,50,String Quartet Op1 No3 ii D major.mid,Haydn,7,major,"[7, 11, 2]_7",0.919321743,"['A4', 'F#4', 'D4', 'D3']",212.0 to 212.875,"[2, 4, 6, 7, 9, 11]","['A4', 'B4', 'D3', 'D4', 'E4', 'F#4', 'G4']","[0, 0, 2, 0, 1, 0, 1, 1, 0, 1, 0, 1]"
212.25,<music21.chord.Chord D4 D3>,[0],[2],[0],62,50,String Quartet Op1 No3 ii D major.mid,Haydn,7,major,[7]_7,0.919321743,"['D4', 'D3']",212.0 to 212.875,"[2, 4, 6, 7, 9, 11]","['A4', 'B4', 'D3', 'D4', 'E4', 'F#4', 'G4']","[0, 0, 2, 0, 1, 0, 1, 1, 0, 1, 0, 1]"
212.33333330000002,<music21.chord.Chord B4 G4 D4 D3>,"[0, 4, 7]","[7, 11, 2]","[5, 9, 0]",71,50,String Quartet Op1 No3 ii D major.mid,Haydn,7,major,"[0, 4, 7]_7",0.919321743,"['B4', 'G4', 'D4', 'D3']",212.0 to 212.875,"[2, 4, 6, 7, 9, 11]","['A4', 'B4', 'D3', 'D4', 'E4', 'F#4', 'G4']","[0, 0, 2, 0, 1, 0, 1, 1, 0, 1, 0, 1]"
212.45833330000002,<music21.chord.Chord D4 D3>,[0],[2],[0],62,50,String Quartet Op1 No3 ii D major.mid,Haydn,7,major,[7]_7,0.919321743,"['D4', 'D3']",212.0 to 212.875,"[2, 4, 6, 7, 9, 11]","['A4', 'B4', 'D3', 'D4', 'E4', 'F#4', 'G4']","[0, 0, 2, 0, 1, 0, 1, 1, 0, 1, 0, 1]"
212.5,<music21.chord.Chord A4 F#4 D4 D3>,"[0, 4, 7]","[2, 6, 9]","[0, 4, 7]",69,50,String Quartet Op1 No3 ii D major.mid,Haydn,7,major,"[7, 11, 2]_7",0.919321743,"['A4', 'F#4', 'D4', 'D3']",212.0 to 212.875,"[2, 4, 6, 7, 9, 11]","['A4', 'B4', 'D3', 'D4', 'E4', 'F#4', 'G4']","[0, 0, 2, 0, 1, 0, 1, 1, 0, 1, 0, 1]"
212.625,<music21.chord.Chord D4 D3>,[0],[2],[0],62,50,String Quartet Op1 No3 ii D major.mid,Haydn,7,major,[7]_7,0.919321743,"['D4', 'D3']",212.0 to 212.875,"[2, 4, 6, 7, 9, 11]","['A4', 'B4', 'D3', 'D4', 'E4', 'F#4', 'G4']","[0, 0, 2, 0, 1, 0, 1, 1, 0, 1, 0, 1]"
212.66666669999998,<music21.chord.Chord G4 E4 D4 D3>,"[0, 2, 5]","[2, 4, 7]","[0, 2, 5]",67,50,String Quartet Op1 No3 ii D major.mid,Haydn,7,major,"[7, 9, 0]_7",0.919321743,"['G4', 'E4', 'D4', 'D3']",212.0 to 212.875,"[2, 4, 6, 7, 9, 11]","['A4', 'B4', 'D3', 'D4', 'E4', 'F#4', 'G4']","[0, 0, 2, 0, 1, 0, 1, 1, 0, 1, 0, 1]"
212.79166669999998,<music21.chord.Chord D4 D3>,[0],[2],[0],62,50,String Quartet Op1 No3 ii D major.mid,Haydn,7,major,[7]_7,0.919321743,"['D4', 'D3']",212.0 to 212.875,"[2, 4, 6, 7, 9, 11]","['A4', 'B4', 'D3', 'D4', 'E4', 'F#4', 'G4']","[0, 0, 2, 0, 1, 0, 1, 1, 0, 1, 0, 1]"
212.875,<music21.chord.Chord A4 F#4>,"[0, 3]","[6, 9]","[4, 7]",69,66,String Quartet Op1 No3 ii D major.mid,Haydn,7,major,"[11, 2]_11",0.919321743,"['A4', 'F#4']",212.0 to 212.875,"[2, 4, 6, 7, 9, 11]","['A4', 'B4', 'D3', 'D4', 'E4', 'F#4', 'G4']","[0, 0, 2, 0, 1, 0, 1, 1, 0, 1, 0, 1]"
213.0,<music21.chord.Chord G4 G3>,[0],[7],[5],67,55,String Quartet Op1 No3 ii D major.mid,Haydn,7,major,[0]_0,0.919321743,"['G4', 'G3']",213.0 to 213.875,[7],"['G3', 'G4']","[0, 0, 0, 0, 0, 0, 0, 2, 0, 0, 0, 0]"
213.875,<music21.chord.Chord G4>,[0],[7],[5],67,67,String Quartet Op1 No3 ii D major.mid,Haydn,7,minor,[0]_0,0.919155223,['G4'],213.0 to 213.875,[7],"['G3', 'G4']","[0, 0, 0, 0, 0, 0, 0, 2, 0, 0, 0, 0]"
214.0,<music21.chord.Chord G4 D4 D3>,"[0, 5]","[2, 7]","[0, 5]",67,50,String Quartet Op1 No3 ii D major.mid,Haydn,7,minor,"[7, 0]_7",0.919155223,"['G4', 'D4', 'D3']",214.0 to 214.75,"[2, 7]","['D3', 'D4', 'G4']","[0, 0, 2, 0, 0, 0, 0, 1, 0, 0, 0, 0]"
214.75,<music21.chord.Chord D4 D3>,[0],[2],[0],62,50,String Quartet Op1 No3 ii D major.mid,Haydn,7,minor,[7]_7,0.919155223,"['D4', 'D3']",214.0 to 214.75,"[2, 7]","['D3', 'D4', 'G4']","[0, 0, 2, 0, 0, 0, 0, 1, 0, 0, 0, 0]"
215.0,<music21.chord.Chord G3 G2>,[0],[7],[5],55,43,String Quartet Op1 No3 ii D major.mid,Haydn,7,minor,[0]_0,0.919155223,"['G3', 'G2']",215.0 to 215.0,[7],"['G2', 'G3']","[0, 0, 0, 0, 0, 0, 0, 2, 0, 0, 0, 0]"
216.0,<music21.chord.Chord D6 B-4 G2>,"[0, 3, 7]","[7, 10, 2]","[5, 8, 0]",86,43,String Quartet Op1 No3 ii D major.mid,Haydn,7,minor,"[0, 3, 7]_0",0.919155223,"['D6', 'B-4', 'G2']",216.0 to 216.5,"[2, 7, 10]","['B-2', 'B-4', 'D6', 'G2']","[0, 0, 1, 0, 0, 0, 0, 1, 0, 0, 2, 0]"
216.5,<music21.chord.Chord D6 B-4 B-2>,"[0, 4]","[10, 2]","[8, 0]",86,46,String Quartet Op1 No3 ii D major.mid,Haydn,7,minor,"[3, 7]_3",0.919155223,"['D6', 'B-4', 'B-2']",216.0 to 216.5,"[2, 7, 10]","['B-2', 'B-4', 'D6', 'G2']","[0, 0, 1, 0, 0, 0, 0, 1, 0, 0, 2, 0]"
217.0,<music21.chord.Chord D5 B-4 D3>,"[0, 4]","[10, 2]","[8, 0]",74,50,String Quartet Op1 No3 ii D major.mid,Haydn,7,minor,"[3, 7]_7",0.919155223,"['D5', 'B-4', 'D3']",217.0 to 217.875,"[2, 7, 10]","['B-4', 'D3', 'D5', 'G3']","[0, 0, 2, 0, 0, 0, 0, 1, 0, 0, 1, 0]"
217.5,<music21.chord.Chord D5 B-4 G3>,"[0, 3, 7]","[7, 10, 2]","[5, 8, 0]",74,55,String Quartet Op1 No3 ii D major.mid,Haydn,7,minor,"[0, 3, 7]_0",0.919155223,"['D5', 'B-4', 'G3']",217.0 to 217.875,"[2, 7, 10]","['B-4', 'D3', 'D5', 'G3']","[0, 0, 2, 0, 0, 0, 0, 1, 0, 0, 1, 0]"
217.625,<music21.chord.Chord D5 B-4>,"[0, 4]","[10, 2]","[8, 0]",74,70,String Quartet Op1 No3 ii D major.mid,Haydn,7,minor,"[3, 7]_3",0.919155223,"['D5', 'B-4']",217.0 to 217.875,"[2, 7, 10]","['B-4', 'D3', 'D5', 'G3']","[0, 0, 2, 0, 0, 0, 0, 1, 0, 0, 1, 0]"
217.875,<music21.chord.Chord B-4>,[0],[10],[8],70,70,String Quartet Op1 No3 ii D major.mid,Haydn,7,minor,[3]_3,0.919155223,['B-4'],217.0 to 217.875,"[2, 7, 10]","['B-4', 'D3', 'D5', 'G3']","[0, 0, 2, 0, 0, 0, 0, 1, 0, 0, 1, 0]"
218.0,<music21.chord.Chord D5 B-4 B-3>,"[0, 4]","[10, 2]","[8, 0]",74,58,String Quartet Op1 No3 ii D major.mid,Haydn,7,minor,"[3, 7]_3",0.919155223,"['D5', 'B-4', 'B-3']",218.0 to 218.625,"[2, 10]","['B-3', 'B-4', 'D4', 'D5']","[0, 0, 2, 0, 0, 0, 0, 0, 0, 0, 2, 0]"
218.125,<music21.chord.Chord D5 B-4>,"[0, 4]","[10, 2]","[8, 0]",74,70,String Quartet Op1 No3 ii D major.mid,Haydn,7,minor,"[3, 7]_3",0.919155223,"['D5', 'B-4']",218.0 to 218.625,"[2, 10]","['B-3', 'B-4', 'D4', 'D5']","[0, 0, 2, 0, 0, 0, 0, 0, 0, 0, 2, 0]"
218.25,<music21.chord.Chord B-4>,[0],[10],[8],70,70,String Quartet Op1 No3 ii D major.mid,Haydn,7,minor,[3]_3,0.919155223,['B-4'],218.0 to 218.625,"[2, 10]","['B-3', 'B-4', 'D4', 'D5']","[0, 0, 2, 0, 0, 0, 0, 0, 0, 0, 2, 0]"
218.5,<music21.chord.Chord B-4 D4>,"[0, 4]","[10, 2]","[8, 0]",70,62,String Quartet Op1 No3 ii D major.mid,Haydn,7,minor,"[3, 7]_7",0.919155223,"['B-4', 'D4']",218.0 to 218.625,"[2, 10]","['B-3', 'B-4', 'D4', 'D5']","[0, 0, 2, 0, 0, 0, 0, 0, 0, 0, 2, 0]"
218.625,<music21.chord.Chord B-4>,[0],[10],[8],70,70,String Quartet Op1 No3 ii D major.mid,Haydn,7,minor,[3]_3,0.919155223,['B-4'],218.0 to 218.625,"[2, 10]","['B-3', 'B-4', 'D4', 'D5']","[0, 0, 2, 0, 0, 0, 0, 0, 0, 0, 2, 0]"
219.0,<music21.chord.Chord C6 D4 A4 D3>,"[0, 3, 5]","[9, 0, 2]","[7, 10, 0]",84,50,String Quartet Op1 No3 ii D major.mid,Haydn,7,minor,"[2, 5, 7]_7",0.919155223,"['C6', 'D4', 'A4', 'D3']",219.0 to 219.875,"[0, 2, 6, 9]","['A4', 'C6', 'D3', 'D4', 'F#4']","[1, 0, 2, 0, 0, 0, 1, 0, 0, 1, 0, 0]"
219.5,<music21.chord.Chord C6 F#4 A4 D3>,"[0, 3, 6, 8]","[6, 9, 0, 2]","[4, 7, 10, 0]",84,50,String Quartet Op1 No3 ii D major.mid,Haydn,7,minor,"[11, 2, 5, 7]_7",0.919155223,"['C6', 'F#4', 'A4', 'D3']",219.0 to 219.875,"[0, 2, 6, 9]","['A4', 'C6', 'D3', 'D4', 'F#4']","[1, 0, 2, 0, 0, 0, 1, 0, 0, 1, 0, 0]"
219.875,<music21.chord.Chord C6 F#4 A4>,"[0, 3, 6]","[6, 9, 0]","[4, 7, 10]",84,66,String Quartet Op1 No3 ii D major.mid,Haydn,7,minor,"[11, 2, 5]_11",0.919155223,"['C6', 'F#4', 'A4']",219.0 to 219.875,"[0, 2, 6, 9]","['A4', 'C6', 'D3', 'D4', 'F#4']","[1, 0, 2, 0, 0, 0, 1, 0, 0, 1, 0, 0]"
220.0,<music21.chord.Chord D5 A4>,"[0, 5]","[9, 2]","[7, 0]",74,69,String Quartet Op1 No3 ii D major.mid,Haydn,7,minor,"[2, 7]_2",0.919155223,"['D5', 'A4']",220.0 to 220.875,"[2, 9]","['A4', 'D5']","[0, 0, 1, 0, 0, 0, 0, 0, 0, 1, 0, 0]"
220.5,<music21.chord.Chord D5 A4>,"[0, 5]","[9, 2]","[7, 0]",74,69,String Quartet Op1 No3 ii D major.mid,Haydn,7,minor,"[2, 7]_2",0.919155223,"['D5', 'A4']",220.0 to 220.875,"[2, 9]","['A4', 'D5']","[0, 0, 1, 0, 0, 0, 0, 0, 0, 1, 0, 0]"
220.625,<music21.chord.Chord D5 A4>,"[0, 5]","[9, 2]","[7, 0]",74,69,String Quartet Op1 No3 ii D major.mid,Haydn,7,minor,"[2, 7]_2",0.919155223,"['D5', 'A4']",220.0 to 220.875,"[2, 9]","['A4', 'D5']","[0, 0, 1, 0, 0, 0, 0, 0, 0, 1, 0, 0]"
220.875,<music21.chord.Chord A4>,[0],[9],[7],69,69,String Quartet Op1 No3 ii D major.mid,Haydn,7,minor,[2]_2,0.919155223,['A4'],220.0 to 220.875,"[2, 9]","['A4', 'D5']","[0, 0, 1, 0, 0, 0, 0, 0, 0, 1, 0, 0]"
221.0,<music21.chord.Chord D5 F#5 A4>,"[0, 4, 7]","[2, 6, 9]","[0, 4, 7]",78,69,String Quartet Op1 No3 ii D major.mid,Haydn,7,minor,"[7, 11, 2]_2",0.919155223,"['D5', 'F#5', 'A4']",221.0 to 221.625,"[2, 6, 9]","['A4', 'A5', 'D5', 'F#5']","[0, 0, 1, 0, 0, 0, 1, 0, 0, 2, 0, 0]"
221.125,<music21.chord.Chord D5 A4>,"[0, 5]","[9, 2]","[7, 0]",74,69,String Quartet Op1 No3 ii D major.mid,Haydn,7,minor,"[2, 7]_2",0.918364915,"['D5', 'A4']",221.0 to 221.625,"[2, 6, 9]","['A4', 'A5', 'D5', 'F#5']","[0, 0, 1, 0, 0, 0, 1, 0, 0, 2, 0, 0]"
221.25,<music21.chord.Chord A4>,[0],[9],[7],69,69,String Quartet Op1 No3 ii D major.mid,Haydn,7,minor,[2]_2,0.918364915,['A4'],221.0 to 221.625,"[2, 6, 9]","['A4', 'A5', 'D5', 'F#5']","[0, 0, 1, 0, 0, 0, 1, 0, 0, 2, 0, 0]"
221.5,<music21.chord.Chord A5 A4>,[0],[9],[7],81,69,String Quartet Op1 No3 ii D major.mid,Haydn,7,minor,[2]_2,0.918364915,"['A5', 'A4']",221.0 to 221.625,"[2, 6, 9]","['A4', 'A5', 'D5', 'F#5']","[0, 0, 1, 0, 0, 0, 1, 0, 0, 2, 0, 0]"
221.625,<music21.chord.Chord A4>,[0],[9],[7],69,69,String Quartet Op1 No3 ii D major.mid,Haydn,7,minor,[2]_2,0.918364915,['A4'],221.0 to 221.625,"[2, 6, 9]","['A4', 'A5', 'D5', 'F#5']","[0, 0, 1, 0, 0, 0, 1, 0, 0, 2, 0, 0]"
222.0,<music21.chord.Chord B-5 G5 G4 G2>,"[0, 3]","[7, 10]","[5, 8]",82,43,String Quartet Op1 No3 ii D major.mid,Haydn,7,minor,"[0, 3]_0",0.918364915,"['B-5', 'G5', 'G4', 'G2']",222.0 to 222.875,"[7, 10]","['B-2', 'B-5', 'G2', 'G4', 'G5']","[0, 0, 0, 0, 0, 0, 0, 3, 0, 0, 2, 0]"
222.5,<music21.chord.Chord B-5 G5 G4 B-2>,"[0, 3]","[7, 10]","[5, 8]",82,46,String Quartet Op1 No3 ii D major.mid,Haydn,7,minor,"[0, 3]_3",0.918364915,"['B-5', 'G5', 'G4', 'B-2']",222.0 to 222.875,"[7, 10]","['B-2', 'B-5', 'G2', 'G4', 'G5']","[0, 0, 0, 0, 0, 0, 0, 3, 0, 0, 2, 0]"
222.875,<music21.chord.Chord B-5 G4 B-2>,"[0, 3]","[7, 10]","[5, 8]",82,46,String Quartet Op1 No3 ii D major.mid,Haydn,7,minor,"[0, 3]_3",0.918364915,"['B-5', 'G4', 'B-2']",222.0 to 222.875,"[7, 10]","['B-2', 'B-5', 'G2', 'G4', 'G5']","[0, 0, 0, 0, 0, 0, 0, 3, 0, 0, 2, 0]"
223.0,<music21.chord.Chord D5 G4 D3>,"[0, 5]","[2, 7]","[0, 5]",74,50,String Quartet Op1 No3 ii D major.mid,Haydn,7,minor,"[7, 0]_7",0.918364915,"['D5', 'G4', 'D3']",223.0 to 223.875,"[2, 7]","['D3', 'D5', 'G3', 'G4']","[0, 0, 2, 0, 0, 0, 0, 2, 0, 0, 0, 0]"
223.5,<music21.chord.Chord D5 G4 G3>,"[0, 5]","[2, 7]","[0, 5]",74,55,String Quartet Op1 No3 ii D major.mid,Haydn,7,minor,"[7, 0]_0",0.918364915,"['D5', 'G4', 'G3']",223.0 to 223.875,"[2, 7]","['D3', 'D5', 'G3', 'G4']","[0, 0, 2, 0, 0, 0, 0, 2, 0, 0, 0, 0]"
223.625,<music21.chord.Chord D5 G4>,"[0, 5]","[2, 7]","[0, 5]",74,67,String Quartet Op1 No3 ii D major.mid,Haydn,7,minor,"[7, 0]_0",0.918364915,"['D5', 'G4']",223.0 to 223.875,"[2, 7]","['D3', 'D5', 'G3', 'G4']","[0, 0, 2, 0, 0, 0, 0, 2, 0, 0, 0, 0]"
223.875,<music21.chord.Chord G4>,[0],[7],[5],67,67,String Quartet Op1 No3 ii D major.mid,Haydn,7,minor,[0]_0,0.918364915,['G4'],223.0 to 223.875,"[2, 7]","['D3', 'D5', 'G3', 'G4']","[0, 0, 2, 0, 0, 0, 0, 2, 0, 0, 0, 0]"
224.0,<music21.chord.Chord D5 G4 B-3>,"[0, 3, 7]","[7, 10, 2]","[5, 8, 0]",74,58,String Quartet Op1 No3 ii D major.mid,Haydn,7,minor,"[0, 3, 7]_3",0.918364915,"['D5', 'G4', 'B-3']",224.0 to 224.625,"[2, 7, 10]","['B-3', 'D4', 'D5', 'G4']","[0, 0, 2, 0, 0, 0, 0, 1, 0, 0, 1, 0]"
224.125,<music21.chord.Chord D5 G4>,"[0, 5]","[2, 7]","[0, 5]",74,67,String Quartet Op1 No3 ii D major.mid,Haydn,7,minor,"[7, 0]_0",0.918364915,"['D5', 'G4']",224.0 to 224.625,"[2, 7, 10]","['B-3', 'D4', 'D5', 'G4']","[0, 0, 2, 0, 0, 0, 0, 1, 0, 0, 1, 0]"
224.25,<music21.chord.Chord G4>,[0],[7],[5],67,67,String Quartet Op1 No3 ii D major.mid,Haydn,7,minor,[0]_0,0.918364915,['G4'],224.0 to 224.625,"[2, 7, 10]","['B-3', 'D4', 'D5', 'G4']","[0, 0, 2, 0, 0, 0, 0, 1, 0, 0, 1, 0]"
224.5,<music21.chord.Chord G4 D4>,"[0, 5]","[2, 7]","[0, 5]",67,62,String Quartet Op1 No3 ii D major.mid,Haydn,7,minor,"[7, 0]_7",0.918364915,"['G4', 'D4']",224.0 to 224.625,"[2, 7, 10]","['B-3', 'D4', 'D5', 'G4']","[0, 0, 2, 0, 0, 0, 0, 1, 0, 0, 1, 0]"
224.625,<music21.chord.Chord G4>,[0],[7],[5],67,67,String Quartet Op1 No3 ii D major.mid,Haydn,7,minor,[0]_0,0.918364915,['G4'],224.0 to 224.625,"[2, 7, 10]","['B-3', 'D4', 'D5', 'G4']","[0, 0, 2, 0, 0, 0, 0, 1, 0, 0, 1, 0]"
225.0,<music21.chord.Chord A5 D4 F#4 D3>,"[0, 4, 7]","[2, 6, 9]","[0, 4, 7]",81,50,String Quartet Op1 No3 ii D major.mid,Haydn,7,minor,"[7, 11, 2]_7",0.918364915,"['A5', 'D4', 'F#4', 'D3']",225.0 to 225.875,"[2, 6, 9]","['A5', 'D3', 'D4', 'F#4']","[0, 0, 2, 0, 0, 0, 1, 0, 0, 1, 0, 0]"
225.5,<music21.chord.Chord A5 F#4 D3>,"[0, 4, 7]","[2, 6, 9]","[0, 4, 7]",81,50,String Quartet Op1 No3 ii D major.mid,Haydn,7,minor,"[7, 11, 2]_7",0.9118008559999999,"['A5', 'F#4', 'D3']",225.0 to 225.875,"[2, 6, 9]","['A5', 'D3', 'D4', 'F#4']","[0, 0, 2, 0, 0, 0, 1, 0, 0, 1, 0, 0]"
225.875,<music21.chord.Chord A5 F#4>,"[0, 3]","[6, 9]","[4, 7]",81,66,String Quartet Op1 No3 ii D major.mid,Haydn,7,minor,"[11, 2]_11",0.9118008559999999,"['A5', 'F#4']",225.0 to 225.875,"[2, 6, 9]","['A5', 'D3', 'D4', 'F#4']","[0, 0, 2, 0, 0, 0, 1, 0, 0, 1, 0, 0]"
226.0,<music21.chord.Chord D5 A4 F#4>,"[0, 4, 7]","[2, 6, 9]","[0, 4, 7]",74,66,String Quartet Op1 No3 ii D major.mid,Haydn,7,minor,"[7, 11, 2]_11",0.9118008559999999,"['D5', 'A4', 'F#4']",226.0 to 226.875,"[2, 6, 9]","['A4', 'D5', 'F#4']","[0, 0, 1, 0, 0, 0, 1, 0, 0, 1, 0, 0]"
226.5,<music21.chord.Chord D5 F#4>,"[0, 4]","[2, 6]","[0, 4]",74,66,String Quartet Op1 No3 ii D major.mid,Haydn,7,minor,"[7, 11]_11",0.9118008559999999,"['D5', 'F#4']",226.0 to 226.875,"[2, 6, 9]","['A4', 'D5', 'F#4']","[0, 0, 1, 0, 0, 0, 1, 0, 0, 1, 0, 0]"
226.625,<music21.chord.Chord D5 F#4>,"[0, 4]","[2, 6]","[0, 4]",74,66,String Quartet Op1 No3 ii D major.mid,Haydn,7,minor,"[7, 11]_11",0.9118008559999999,"['D5', 'F#4']",226.0 to 226.875,"[2, 6, 9]","['A4', 'D5', 'F#4']","[0, 0, 1, 0, 0, 0, 1, 0, 0, 1, 0, 0]"
226.875,<music21.chord.Chord F#4>,[0],[6],[4],66,66,String Quartet Op1 No3 ii D major.mid,Haydn,7,minor,[11]_11,0.9118008559999999,['F#4'],226.0 to 226.875,"[2, 6, 9]","['A4', 'D5', 'F#4']","[0, 0, 1, 0, 0, 0, 1, 0, 0, 1, 0, 0]"
227.0,<music21.chord.Chord D5 F#5 F#4>,"[0, 4]","[2, 6]","[0, 4]",78,66,String Quartet Op1 No3 ii D major.mid,Haydn,7,minor,"[7, 11]_11",0.9118008559999999,"['D5', 'F#5', 'F#4']",227.0 to 227.625,"[2, 6, 9]","['A5', 'D5', 'F#4', 'F#5']","[0, 0, 1, 0, 0, 0, 2, 0, 0, 1, 0, 0]"
227.125,<music21.chord.Chord D5 F#4>,"[0, 4]","[2, 6]","[0, 4]",74,66,String Quartet Op1 No3 ii D major.mid,Haydn,7,minor,"[7, 11]_11",0.9118008559999999,"['D5', 'F#4']",227.0 to 227.625,"[2, 6, 9]","['A5', 'D5', 'F#4', 'F#5']","[0, 0, 1, 0, 0, 0, 2, 0, 0, 1, 0, 0]"
227.25,<music21.chord.Chord F#4>,[0],[6],[4],66,66,String Quartet Op1 No3 ii D major.mid,Haydn,7,minor,[11]_11,0.9118008559999999,['F#4'],227.0 to 227.625,"[2, 6, 9]","['A5', 'D5', 'F#4', 'F#5']","[0, 0, 1, 0, 0, 0, 2, 0, 0, 1, 0, 0]"
227.5,<music21.chord.Chord A5 F#4>,"[0, 3]","[6, 9]","[4, 7]",81,66,String Quartet Op1 No3 ii D major.mid,Haydn,7,minor,"[11, 2]_11",0.9118008559999999,"['A5', 'F#4']",227.0 to 227.625,"[2, 6, 9]","['A5', 'D5', 'F#4', 'F#5']","[0, 0, 1, 0, 0, 0, 2, 0, 0, 1, 0, 0]"
227.625,<music21.chord.Chord F#4>,[0],[6],[4],66,66,String Quartet Op1 No3 ii D major.mid,Haydn,7,minor,[11]_11,0.9118008559999999,['F#4'],227.0 to 227.625,"[2, 6, 9]","['A5', 'D5', 'F#4', 'F#5']","[0, 0, 1, 0, 0, 0, 2, 0, 0, 1, 0, 0]"
228.0,<music21.chord.Chord G5 G4 B-3>,"[0, 3]","[7, 10]","[5, 8]",79,58,String Quartet Op1 No3 ii D major.mid,Haydn,7,minor,"[0, 3]_3",0.9118008559999999,"['G5', 'G4', 'B-3']",228.0 to 228.875,"[2, 7, 10]","['B-3', 'D5', 'G4', 'G5']","[0, 0, 1, 0, 0, 0, 0, 2, 0, 0, 1, 0]"
228.5,<music21.chord.Chord D5 G5 G4 B-3>,"[0, 3, 7]","[7, 10, 2]","[5, 8, 0]",79,58,String Quartet Op1 No3 ii D major.mid,Haydn,7,minor,"[0, 3, 7]_3",0.9118008559999999,"['D5', 'G5', 'G4', 'B-3']",228.0 to 228.875,"[2, 7, 10]","['B-3', 'D5', 'G4', 'G5']","[0, 0, 1, 0, 0, 0, 0, 2, 0, 0, 1, 0]"
228.875,<music21.chord.Chord D5 B-3>,"[0, 4]","[10, 2]","[8, 0]",74,58,String Quartet Op1 No3 ii D major.mid,Haydn,7,minor,"[3, 7]_3",0.9118008559999999,"['D5', 'B-3']",228.0 to 228.875,"[2, 7, 10]","['B-3', 'D5', 'G4', 'G5']","[0, 0, 1, 0, 0, 0, 0, 2, 0, 0, 1, 0]"
229.0,<music21.chord.Chord C5 G4 B-3>,"[0, 3, 5]","[7, 10, 0]","[5, 8, 10]",72,58,String Quartet Op1 No3 ii D major.mid,Haydn,7,minor,"[0, 3, 5]_3",0.9118008559999999,"['C5', 'G4', 'B-3']",229.0 to 229.875,"[0, 7, 10]","['B-3', 'B-4', 'C5', 'G4']","[1, 0, 0, 0, 0, 0, 0, 1, 0, 0, 2, 0]"
229.5,<music21.chord.Chord B-4 G4 B-3>,"[0, 3]","[7, 10]","[5, 8]",70,58,String Quartet Op1 No3 ii D major.mid,Haydn,7,minor,"[0, 3]_3",0.9118008559999999,"['B-4', 'G4', 'B-3']",229.0 to 229.875,"[0, 7, 10]","['B-3', 'B-4', 'C5', 'G4']","[1, 0, 0, 0, 0, 0, 0, 1, 0, 0, 2, 0]"
229.625,<music21.chord.Chord G4 B-3>,"[0, 3]","[7, 10]","[5, 8]",67,58,String Quartet Op1 No3 ii D major.mid,Haydn,7,minor,"[0, 3]_3",0.9118008559999999,"['G4', 'B-3']",229.0 to 229.875,"[0, 7, 10]","['B-3', 'B-4', 'C5', 'G4']","[1, 0, 0, 0, 0, 0, 0, 1, 0, 0, 2, 0]"
229.875,<music21.chord.Chord B-3>,[0],[10],[8],58,58,String Quartet Op1 No3 ii D major.mid,Haydn,7,minor,[3]_3,0.9118008559999999,['B-3'],229.0 to 229.875,"[0, 7, 10]","['B-3', 'B-4', 'C5', 'G4']","[1, 0, 0, 0, 0, 0, 0, 1, 0, 0, 2, 0]"
230.0,<music21.chord.Chord A4 G4 B-3>,"[0, 2, 3]","[7, 9, 10]","[5, 7, 8]",69,58,String Quartet Op1 No3 ii D major.mid,Haydn,7,minor,"[0, 2, 3]_3",0.9118008559999999,"['A4', 'G4', 'B-3']",230.0 to 230.75,"[7, 9, 10]","['A4', 'B-3', 'G4']","[0, 0, 0, 0, 0, 0, 0, 1, 0, 1, 1, 0]"
230.125,<music21.chord.Chord G4 B-3>,"[0, 3]","[7, 10]","[5, 8]",67,58,String Quartet Op1 No3 ii D major.mid,Haydn,7,minor,"[0, 3]_3",0.9159892279999999,"['G4', 'B-3']",230.0 to 230.75,"[7, 9, 10]","['A4', 'B-3', 'G4']","[0, 0, 0, 0, 0, 0, 0, 1, 0, 1, 1, 0]"
230.5,<music21.chord.Chord G4 B-3>,"[0, 3]","[7, 10]","[5, 8]",67,58,String Quartet Op1 No3 ii D major.mid,Haydn,7,minor,"[0, 3]_3",0.9159892279999999,"['G4', 'B-3']",230.0 to 230.75,"[7, 9, 10]","['A4', 'B-3', 'G4']","[0, 0, 0, 0, 0, 0, 0, 1, 0, 1, 1, 0]"
230.625,<music21.chord.Chord G4 B-3>,"[0, 3]","[7, 10]","[5, 8]",67,58,String Quartet Op1 No3 ii D major.mid,Haydn,7,minor,"[0, 3]_3",0.9159892279999999,"['G4', 'B-3']",230.0 to 230.75,"[7, 9, 10]","['A4', 'B-3', 'G4']","[0, 0, 0, 0, 0, 0, 0, 1, 0, 1, 1, 0]"
230.75,<music21.chord.Chord G4>,[0],[7],[5],67,67,String Quartet Op1 No3 ii D major.mid,Haydn,7,minor,[0]_0,0.9159892279999999,['G4'],230.0 to 230.75,"[7, 9, 10]","['A4', 'B-3', 'G4']","[0, 0, 0, 0, 0, 0, 0, 1, 0, 1, 1, 0]"
231.0,<music21.chord.Chord E-5 G4 C5 C4>,"[0, 3, 7]","[0, 3, 7]","[10, 1, 5]",75,60,String Quartet Op1 No3 ii D major.mid,Haydn,7,minor,"[5, 8, 0]_5",0.9159892279999999,"['E-5', 'G4', 'C5', 'C4']",231.0 to 231.5,"[0, 2, 3, 7]","['C4', 'C5', 'D5', 'E-5', 'G4']","[2, 0, 1, 1, 0, 0, 0, 1, 0, 0, 0, 0]"
231.5,<music21.chord.Chord D5 G4 C5 C4>,"[0, 2, 7]","[0, 2, 7]","[10, 0, 5]",74,60,String Quartet Op1 No3 ii D major.mid,Haydn,7,minor,"[5, 7, 0]_5",0.9159892279999999,"['D5', 'G4', 'C5', 'C4']",231.0 to 231.5,"[0, 2, 3, 7]","['C4', 'C5', 'D5', 'E-5', 'G4']","[2, 0, 1, 1, 0, 0, 0, 1, 0, 0, 0, 0]"
232.0,<music21.chord.Chord C5 G4 C4>,"[0, 5]","[7, 0]","[5, 10]",72,60,String Quartet Op1 No3 ii D major.mid,Haydn,7,minor,"[0, 5]_5",0.9159892279999999,"['C5', 'G4', 'C4']",232.0 to 232.75,"[0, 3, 7]","['C4', 'C5', 'E-5', 'G4']","[2, 0, 0, 1, 0, 0, 0, 1, 0, 0, 0, 0]"
232.5,<music21.chord.Chord E-5 G4 C5 C4>,"[0, 3, 7]","[0, 3, 7]","[10, 1, 5]",75,60,String Quartet Op1 No3 ii D major.mid,Haydn,7,minor,"[5, 8, 0]_5",0.9159892279999999,"['E-5', 'G4', 'C5', 'C4']",232.0 to 232.75,"[0, 3, 7]","['C4', 'C5', 'E-5', 'G4']","[2, 0, 0, 1, 0, 0, 0, 1, 0, 0, 0, 0]"
232.625,<music21.chord.Chord G4 C5 C4>,"[0, 5]","[7, 0]","[5, 10]",72,60,String Quartet Op1 No3 ii D major.mid,Haydn,7,minor,"[0, 5]_5",0.9159892279999999,"['G4', 'C5', 'C4']",232.0 to 232.75,"[0, 3, 7]","['C4', 'C5', 'E-5', 'G4']","[2, 0, 0, 1, 0, 0, 0, 1, 0, 0, 0, 0]"
232.75,<music21.chord.Chord G4>,[0],[7],[5],67,67,String Quartet Op1 No3 ii D major.mid,Haydn,7,minor,[0]_0,0.9159892279999999,['G4'],232.0 to 232.75,"[0, 3, 7]","['C4', 'C5', 'E-5', 'G4']","[2, 0, 0, 1, 0, 0, 0, 1, 0, 0, 0, 0]"
233.0,<music21.chord.Chord D5 G4 B-4 B-3>,"[0, 3, 7]","[7, 10, 2]","[5, 8, 0]",74,58,String Quartet Op1 No3 ii D major.mid,Haydn,7,minor,"[0, 3, 7]_3",0.9159892279999999,"['D5', 'G4', 'B-4', 'B-3']",233.0 to 233.875,"[2, 7, 10]","['B-3', 'B-4', 'D5', 'G4']","[0, 0, 1, 0, 0, 0, 0, 1, 0, 0, 2, 0]"
233.125,<music21.chord.Chord G4 B-4 B-3>,"[0, 3]","[7, 10]","[5, 8]",70,58,String Quartet Op1 No3 ii D major.mid,Haydn,7,minor,"[0, 3]_3",0.9159892279999999,"['G4', 'B-4', 'B-3']",233.0 to 233.875,"[2, 7, 10]","['B-3', 'B-4', 'D5', 'G4']","[0, 0, 1, 0, 0, 0, 0, 1, 0, 0, 2, 0]"
233.5,<music21.chord.Chord B-4 G4 B-3>,"[0, 3]","[7, 10]","[5, 8]",70,58,String Quartet Op1 No3 ii D major.mid,Haydn,7,minor,"[0, 3]_3",0.9159892279999999,"['B-4', 'G4', 'B-3']",233.0 to 233.875,"[2, 7, 10]","['B-3', 'B-4', 'D5', 'G4']","[0, 0, 1, 0, 0, 0, 0, 1, 0, 0, 2, 0]"
233.625,<music21.chord.Chord G4 B-4 B-3>,"[0, 3]","[7, 10]","[5, 8]",70,58,String Quartet Op1 No3 ii D major.mid,Haydn,7,minor,"[0, 3]_3",0.9159892279999999,"['G4', 'B-4', 'B-3']",233.0 to 233.875,"[2, 7, 10]","['B-3', 'B-4', 'D5', 'G4']","[0, 0, 1, 0, 0, 0, 0, 1, 0, 0, 2, 0]"
233.875,<music21.chord.Chord G4>,[0],[7],[5],67,67,String Quartet Op1 No3 ii D major.mid,Haydn,7,minor,[0]_0,0.9159892279999999,['G4'],233.0 to 233.875,"[2, 7, 10]","['B-3', 'B-4', 'D5', 'G4']","[0, 0, 1, 0, 0, 0, 0, 1, 0, 0, 2, 0]"
234.0,<music21.chord.Chord C5 G4 A4 A3>,"[0, 2, 5]","[7, 9, 0]","[5, 7, 10]",72,57,String Quartet Op1 No3 ii D major.mid,Haydn,7,minor,"[0, 2, 5]_2",0.9159892279999999,"['C5', 'G4', 'A4', 'A3']",234.0 to 234.875,"[0, 7, 9, 10]","['A3', 'A4', 'B-4', 'C5', 'G4']","[1, 0, 0, 0, 0, 0, 0, 1, 0, 2, 1, 0]"
234.5,<music21.chord.Chord B-4 G4 A4 A3>,"[0, 2, 3]","[7, 9, 10]","[5, 7, 8]",70,57,String Quartet Op1 No3 ii D major.mid,Haydn,7,minor,"[0, 2, 3]_2",0.9159892279999999,"['B-4', 'G4', 'A4', 'A3']",234.0 to 234.875,"[0, 7, 9, 10]","['A3', 'A4', 'B-4', 'C5', 'G4']","[1, 0, 0, 0, 0, 0, 0, 1, 0, 2, 1, 0]"
234.875,<music21.chord.Chord B-4 A4 A3>,"[0, 1]","[9, 10]","[7, 8]",70,57,String Quartet Op1 No3 ii D major.mid,Haydn,7,minor,"[2, 3]_2",0.9159892279999999,"['B-4', 'A4', 'A3']",234.0 to 234.875,"[0, 7, 9, 10]","['A3', 'A4', 'B-4', 'C5', 'G4']","[1, 0, 0, 0, 0, 0, 0, 1, 0, 2, 1, 0]"
235.0,<music21.chord.Chord A4 F#4 A3>,"[0, 3]","[6, 9]","[4, 7]",69,57,String Quartet Op1 No3 ii D major.mid,Haydn,7,minor,"[11, 2]_2",0.9159892279999999,"['A4', 'F#4', 'A3']",235.0 to 235.75,"[0, 6, 9]","['A3', 'A4', 'C5', 'F#4']","[1, 0, 0, 0, 0, 0, 1, 0, 0, 2, 0, 0]"
235.5,<music21.chord.Chord C5 F#4 A4 A3>,"[0, 3, 6]","[6, 9, 0]","[4, 7, 10]",72,57,String Quartet Op1 No3 ii D major.mid,Haydn,7,minor,"[11, 2, 5]_2",0.9159892279999999,"['C5', 'F#4', 'A4', 'A3']",235.0 to 235.75,"[0, 6, 9]","['A3', 'A4', 'C5', 'F#4']","[1, 0, 0, 0, 0, 0, 1, 0, 0, 2, 0, 0]"
235.625,<music21.chord.Chord F#4 A4 A3>,"[0, 3]","[6, 9]","[4, 7]",69,57,String Quartet Op1 No3 ii D major.mid,Haydn,7,minor,"[11, 2]_2",0.9159892279999999,"['F#4', 'A4', 'A3']",235.0 to 235.75,"[0, 6, 9]","['A3', 'A4', 'C5', 'F#4']","[1, 0, 0, 0, 0, 0, 1, 0, 0, 2, 0, 0]"
235.75,<music21.chord.Chord F#4>,[0],[6],[4],66,66,String Quartet Op1 No3 ii D major.mid,Haydn,7,minor,[11]_11,0.9159892279999999,['F#4'],235.0 to 235.75,"[0, 6, 9]","['A3', 'A4', 'C5', 'F#4']","[1, 0, 0, 0, 0, 0, 1, 0, 0, 2, 0, 0]"
236.0,<music21.chord.Chord B-4 G4 G3>,"[0, 3]","[7, 10]","[5, 8]",70,55,String Quartet Op1 No3 ii D major.mid,Haydn,7,minor,"[0, 3]_0",0.9159892279999999,"['B-4', 'G4', 'G3']",236.0 to 236.625,"[7, 10]","['B-4', 'G3', 'G4']","[0, 0, 0, 0, 0, 0, 0, 2, 0, 0, 1, 0]"
236.125,<music21.chord.Chord G4 G3>,[0],[7],[5],67,55,String Quartet Op1 No3 ii D major.mid,Haydn,7,minor,[0]_0,0.9159892279999999,"['G4', 'G3']",236.0 to 236.625,"[7, 10]","['B-4', 'G3', 'G4']","[0, 0, 0, 0, 0, 0, 0, 2, 0, 0, 1, 0]"
236.5,<music21.chord.Chord G4 G3>,[0],[7],[5],67,55,String Quartet Op1 No3 ii D major.mid,Haydn,7,minor,[0]_0,0.9159892279999999,"['G4', 'G3']",236.0 to 236.625,"[7, 10]","['B-4', 'G3', 'G4']","[0, 0, 0, 0, 0, 0, 0, 2, 0, 0, 1, 0]"
236.625,<music21.chord.Chord G4 G3>,[0],[7],[5],67,55,String Quartet Op1 No3 ii D major.mid,Haydn,7,minor,[0]_0,0.9159892279999999,"['G4', 'G3']",236.0 to 236.625,"[7, 10]","['B-4', 'G3', 'G4']","[0, 0, 0, 0, 0, 0, 0, 2, 0, 0, 1, 0]"
237.0,<music21.chord.Chord D4 D3>,[0],[2],[0],62,50,String Quartet Op1 No3 ii D major.mid,Haydn,7,minor,[7]_7,0.9159892279999999,"['D4', 'D3']",237.0 to 237.0,[2],"['D3', 'D4']","[0, 0, 2, 0, 0, 0, 0, 0, 0, 0, 0, 0]"
238.0,<music21.chord.Chord D3 D4>,[0],[2],[0],62,50,String Quartet Op1 No3 ii D major.mid,Haydn,7,minor,[7]_7,0.9159892279999999,"['D3', 'D4']",238.0 to 238.0,[2],"['D3', 'D4']","[0, 0, 2, 0, 0, 0, 0, 0, 0, 0, 0, 0]"
240.0,<music21.chord.Chord G3>,[0],[7],[5],55,55,String Quartet Op1 No3 ii D major.mid,Haydn,7,minor,[0]_0,0.915440446,['G3'],240.0 to 240.0,[7],['G3'],"[0, 0, 0, 0, 0, 0, 0, 1, 0, 0, 0, 0]"
241.0,<music21.chord.Chord D5>,[0],[2],[0],74,74,String Quartet Op1 No3 ii D major.mid,Haydn,7,minor,[7]_7,0.915440446,['D5'],241.0 to 241.0,[2],['D5'],"[0, 0, 1, 0, 0, 0, 0, 0, 0, 0, 0, 0]"
242.0,<music21.chord.Chord B4>,[0],[11],[9],71,71,String Quartet Op1 No3 ii D major.mid,Haydn,7,major,[4]_4,0.90925342,['B4'],242.0 to 242.0,[11],['B4'],"[0, 0, 0, 0, 0, 0, 0, 0, 0, 0, 0, 1]"
243.0,<music21.chord.Chord D4>,[0],[2],[0],62,62,String Quartet Op1 No3 ii D major.mid,Haydn,7,major,[7]_7,0.90925342,['D4'],243.0 to 243.0,[2],['D4'],"[0, 0, 1, 0, 0, 0, 0, 0, 0, 0, 0, 0]"
244.0,<music21.chord.Chord C5>,[0],[0],[10],72,72,String Quartet Op1 No3 ii D major.mid,Haydn,7,major,[5]_5,0.90925342,['C5'],244.0 to 244.0,[0],['C5'],"[1, 0, 0, 0, 0, 0, 0, 0, 0, 0, 0, 0]"
245.0,<music21.chord.Chord A4>,[0],[9],[7],69,69,String Quartet Op1 No3 ii D major.mid,Haydn,7,major,[2]_2,0.90925342,['A4'],245.0 to 245.0,[9],['A4'],"[0, 0, 0, 0, 0, 0, 0, 0, 0, 1, 0, 0]"
246.0,<music21.chord.Chord E4>,[0],[4],[2],64,64,String Quartet Op1 No3 ii D major.mid,Haydn,7,major,[9]_9,0.90925342,['E4'],246.0 to 246.0,[4],['E4'],"[0, 0, 0, 0, 1, 0, 0, 0, 0, 0, 0, 0]"
247.0,<music21.chord.Chord G5>,[0],[7],[5],79,79,String Quartet Op1 No3 ii D major.mid,Haydn,7,major,[0]_0,0.90925342,['G5'],247.0 to 247.5,"[4, 7]","['E5', 'G5']","[0, 0, 0, 0, 1, 0, 0, 1, 0, 0, 0, 0]"
247.5,<music21.chord.Chord E5>,[0],[4],[2],76,76,String Quartet Op1 No3 ii D major.mid,Haydn,7,major,[9]_9,0.861839427,['E5'],247.0 to 247.5,"[4, 7]","['E5', 'G5']","[0, 0, 0, 0, 1, 0, 0, 1, 0, 0, 0, 0]"
248.0,<music21.chord.Chord D5>,[0],[2],[0],74,74,String Quartet Op1 No3 ii D major.mid,Haydn,7,major,[7]_7,0.861839427,['D5'],248.0 to 248.5,"[0, 2]","['C5', 'D5']","[1, 0, 1, 0, 0, 0, 0, 0, 0, 0, 0, 0]"
248.5,<music21.chord.Chord C5>,[0],[0],[10],72,72,String Quartet Op1 No3 ii D major.mid,Haydn,7,major,[5]_5,0.849401313,['C5'],248.0 to 248.5,"[0, 2]","['C5', 'D5']","[1, 0, 1, 0, 0, 0, 0, 0, 0, 0, 0, 0]"
249.0,<music21.chord.Chord B4>,[0],[11],[9],71,71,String Quartet Op1 No3 ii D major.mid,Haydn,7,major,[4]_4,0.849401313,['B4'],249.0 to 249.0,[11],['B4'],"[0, 0, 0, 0, 0, 0, 0, 0, 0, 0, 0, 1]"
250.0,<music21.chord.Chord A4>,[0],[9],[7],69,69,String Quartet Op1 No3 ii D major.mid,Haydn,7,major,[2]_2,0.8590204229999999,['A4'],250.0 to 250.0,[9],['A4'],"[0, 0, 0, 0, 0, 0, 0, 0, 0, 1, 0, 0]"
252.0,<music21.chord.Chord C6 D4 F#4 D3>,"[0, 2, 6]","[0, 2, 6]","[10, 0, 4]",84,50,String Quartet Op1 No3 ii D major.mid,Haydn,7,major,"[5, 7, 11]_7",0.8590204229999999,"['C6', 'D4', 'F#4', 'D3']",252.0 to 252.5,"[0, 2, 6]","['C6', 'D3', 'D4', 'F#4']","[1, 0, 2, 0, 0, 0, 1, 0, 0, 0, 0, 0]"
252.5,<music21.chord.Chord C6 F#4 D3>,"[0, 2, 6]","[0, 2, 6]","[10, 0, 4]",84,50,String Quartet Op1 No3 ii D major.mid,Haydn,7,major,"[5, 7, 11]_7",0.919321743,"['C6', 'F#4', 'D3']",252.0 to 252.5,"[0, 2, 6]","['C6', 'D3', 'D4', 'F#4']","[1, 0, 2, 0, 0, 0, 1, 0, 0, 0, 0, 0]"
253.0,<music21.chord.Chord C6 A4 F#4 D3>,"[0, 3, 6, 8]","[6, 9, 0, 2]","[4, 7, 10, 0]",84,50,String Quartet Op1 No3 ii D major.mid,Haydn,7,major,"[11, 2, 5, 7]_7",0.919321743,"['C6', 'A4', 'F#4', 'D3']",253.0 to 253.625,"[0, 2, 6, 9]","['A4', 'C6', 'D3', 'D5', 'F#4']","[1, 0, 2, 0, 0, 0, 1, 0, 0, 1, 0, 0]"
253.5,<music21.chord.Chord C6 D5 F#4 D3>,"[0, 2, 6]","[0, 2, 6]","[10, 0, 4]",84,50,String Quartet Op1 No3 ii D major.mid,Haydn,7,major,"[5, 7, 11]_7",0.919321743,"['C6', 'D5', 'F#4', 'D3']",253.0 to 253.625,"[0, 2, 6, 9]","['A4', 'C6', 'D3', 'D5', 'F#4']","[1, 0, 2, 0, 0, 0, 1, 0, 0, 1, 0, 0]"
253.625,<music21.chord.Chord C6 F#4 D3>,"[0, 2, 6]","[0, 2, 6]","[10, 0, 4]",84,50,String Quartet Op1 No3 ii D major.mid,Haydn,7,major,"[5, 7, 11]_7",0.919321743,"['C6', 'F#4', 'D3']",253.0 to 253.625,"[0, 2, 6, 9]","['A4', 'C6', 'D3', 'D5', 'F#4']","[1, 0, 2, 0, 0, 0, 1, 0, 0, 1, 0, 0]"
254.0,<music21.chord.Chord C6 F#5 F#4 D3>,"[0, 2, 6]","[0, 2, 6]","[10, 0, 4]",84,50,String Quartet Op1 No3 ii D major.mid,Haydn,7,major,"[5, 7, 11]_7",0.919321743,"['C6', 'F#5', 'F#4', 'D3']",254.0 to 254.625,"[0, 2, 6, 9]","['A5', 'C6', 'D3', 'F#4', 'F#5']","[1, 0, 1, 0, 0, 0, 2, 0, 0, 1, 0, 0]"
254.125,<music21.chord.Chord C6 F#4 D3>,"[0, 2, 6]","[0, 2, 6]","[10, 0, 4]",84,50,String Quartet Op1 No3 ii D major.mid,Haydn,7,major,"[5, 7, 11]_7",0.919321743,"['C6', 'F#4', 'D3']",254.0 to 254.625,"[0, 2, 6, 9]","['A5', 'C6', 'D3', 'F#4', 'F#5']","[1, 0, 1, 0, 0, 0, 2, 0, 0, 1, 0, 0]"
254.5,<music21.chord.Chord C6 A5 F#4 D3>,"[0, 3, 6, 8]","[6, 9, 0, 2]","[4, 7, 10, 0]",84,50,String Quartet Op1 No3 ii D major.mid,Haydn,7,major,"[11, 2, 5, 7]_7",0.919321743,"['C6', 'A5', 'F#4', 'D3']",254.0 to 254.625,"[0, 2, 6, 9]","['A5', 'C6', 'D3', 'F#4', 'F#5']","[1, 0, 1, 0, 0, 0, 2, 0, 0, 1, 0, 0]"
254.625,<music21.chord.Chord C6 F#4 D3>,"[0, 2, 6]","[0, 2, 6]","[10, 0, 4]",84,50,String Quartet Op1 No3 ii D major.mid,Haydn,7,major,"[5, 7, 11]_7",0.919321743,"['C6', 'F#4', 'D3']",254.0 to 254.625,"[0, 2, 6, 9]","['A5', 'C6', 'D3', 'F#4', 'F#5']","[1, 0, 1, 0, 0, 0, 2, 0, 0, 1, 0, 0]"
255.0,<music21.chord.Chord B5 G5 G4 G3>,"[0, 4]","[7, 11]","[5, 9]",83,55,String Quartet Op1 No3 ii D major.mid,Haydn,7,major,"[0, 4]_0",0.919321743,"['B5', 'G5', 'G4', 'G3']",255.0 to 255.875,"[7, 11]","['B5', 'G3', 'G4', 'G5']","[0, 0, 0, 0, 0, 0, 0, 3, 0, 0, 0, 1]"
255.5,<music21.chord.Chord G5 G4 G3>,[0],[7],[5],79,55,String Quartet Op1 No3 ii D major.mid,Haydn,7,major,[0]_0,0.919321743,"['G5', 'G4', 'G3']",255.0 to 255.875,"[7, 11]","['B5', 'G3', 'G4', 'G5']","[0, 0, 0, 0, 0, 0, 0, 3, 0, 0, 0, 1]"
255.875,<music21.chord.Chord G5>,[0],[7],[5],79,79,String Quartet Op1 No3 ii D major.mid,Haydn,7,major,[0]_0,0.919321743,['G5'],255.0 to 255.875,"[7, 11]","['B5', 'G3', 'G4', 'G5']","[0, 0, 0, 0, 0, 0, 0, 3, 0, 0, 0, 1]"
256.0,<music21.chord.Chord D5>,[0],[2],[0],74,74,String Quartet Op1 No3 ii D major.mid,Haydn,7,major,[7]_7,0.919321743,['D5'],256.0 to 256.5,"[2, 11]","['B4', 'D5']","[0, 0, 1, 0, 0, 0, 0, 0, 0, 0, 0, 1]"
256.5,<music21.chord.Chord B4>,[0],[11],[9],71,71,String Quartet Op1 No3 ii D major.mid,Haydn,7,major,[4]_4,0.919321743,['B4'],256.0 to 256.5,"[2, 11]","['B4', 'D5']","[0, 0, 1, 0, 0, 0, 0, 0, 0, 0, 0, 1]"
257.0,<music21.chord.Chord G4>,[0],[7],[5],67,67,String Quartet Op1 No3 ii D major.mid,Haydn,7,major,[0]_0,0.919321743,['G4'],257.0 to 257.5,"[7, 11]","['B4', 'G4']","[0, 0, 0, 0, 0, 0, 0, 1, 0, 0, 0, 1]"
257.5,<music21.chord.Chord B4>,[0],[11],[9],71,71,String Quartet Op1 No3 ii D major.mid,Haydn,7,major,[4]_4,0.919321743,['B4'],257.0 to 257.5,"[7, 11]","['B4', 'G4']","[0, 0, 0, 0, 0, 0, 0, 1, 0, 0, 0, 1]"
258.0,<music21.chord.Chord D4 B4 B3>,"[0, 3]","[11, 2]","[9, 0]",71,59,String Quartet Op1 No3 ii D major.mid,Haydn,7,major,"[4, 7]_4",0.919321743,"['D4', 'B4', 'B3']",258.0 to 258.875,"[0, 2, 11]","['B3', 'B4', 'C4', 'C5', 'D4']","[2, 0, 1, 0, 0, 0, 0, 0, 0, 0, 0, 2]"
258.5,<music21.chord.Chord D4 C5 C4>,"[0, 2]","[0, 2]","[10, 0]",72,60,String Quartet Op1 No3 ii D major.mid,Haydn,7,major,"[5, 7]_5",0.919321743,"['D4', 'C5', 'C4']",258.0 to 258.875,"[0, 2, 11]","['B3', 'B4', 'C4', 'C5', 'D4']","[2, 0, 1, 0, 0, 0, 0, 0, 0, 0, 0, 2]"
258.875,<music21.chord.Chord C5 C4>,[0],[0],[10],72,60,String Quartet Op1 No3 ii D major.mid,Haydn,7,major,[5]_5,0.919321743,"['C5', 'C4']",258.0 to 258.875,"[0, 2, 11]","['B3', 'B4', 'C4', 'C5', 'D4']","[2, 0, 1, 0, 0, 0, 0, 0, 0, 0, 0, 2]"
259.0,<music21.chord.Chord B4 G4 D5 D4>,"[0, 4, 7]","[7, 11, 2]","[5, 9, 0]",74,62,String Quartet Op1 No3 ii D major.mid,Haydn,7,major,"[0, 4, 7]_7",0.919321743,"['B4', 'G4', 'D5', 'D4']",259.0 to 259.0,"[2, 7, 11]","['B4', 'D4', 'D5', 'G4']","[0, 0, 2, 0, 0, 0, 0, 1, 0, 0, 0, 1]"
260.0,<music21.chord.Chord B4 G4 D4 D3>,"[0, 4, 7]","[7, 11, 2]","[5, 9, 0]",71,50,String Quartet Op1 No3 ii D major.mid,Haydn,7,major,"[0, 4, 7]_7",0.919321743,"['B4', 'G4', 'D4', 'D3']",260.0 to 260.875,"[2, 4, 6, 7, 9, 11]","['A4', 'B4', 'D3', 'D4', 'E4', 'F#4', 'G4']","[0, 0, 2, 0, 1, 0, 1, 1, 0, 1, 0, 1]"
260.125,<music21.chord.Chord A4 F#4 D4 D3>,"[0, 4, 7]","[2, 6, 9]","[0, 4, 7]",69,50,String Quartet Op1 No3 ii D major.mid,Haydn,7,major,"[7, 11, 2]_7",0.919321743,"['A4', 'F#4', 'D4', 'D3']",260.0 to 260.875,"[2, 4, 6, 7, 9, 11]","['A4', 'B4', 'D3', 'D4', 'E4', 'F#4', 'G4']","[0, 0, 2, 0, 1, 0, 1, 1, 0, 1, 0, 1]"
260.25,<music21.chord.Chord D4 D3>,[0],[2],[0],62,50,String Quartet Op1 No3 ii D major.mid,Haydn,7,major,[7]_7,0.919321743,"['D4', 'D3']",260.0 to 260.875,"[2, 4, 6, 7, 9, 11]","['A4', 'B4', 'D3', 'D4', 'E4', 'F#4', 'G4']","[0, 0, 2, 0, 1, 0, 1, 1, 0, 1, 0, 1]"
260.3333333,<music21.chord.Chord B4 G4 D4 D3>,"[0, 4, 7]","[7, 11, 2]","[5, 9, 0]",71,50,String Quartet Op1 No3 ii D major.mid,Haydn,7,major,"[0, 4, 7]_7",0.919321743,"['B4', 'G4', 'D4', 'D3']",260.0 to 260.875,"[2, 4, 6, 7, 9, 11]","['A4', 'B4', 'D3', 'D4', 'E4', 'F#4', 'G4']","[0, 0, 2, 0, 1, 0, 1, 1, 0, 1, 0, 1]"
260.4583333,<music21.chord.Chord D4 D3>,[0],[2],[0],62,50,String Quartet Op1 No3 ii D major.mid,Haydn,7,major,[7]_7,0.919321743,"['D4', 'D3']",260.0 to 260.875,"[2, 4, 6, 7, 9, 11]","['A4', 'B4', 'D3', 'D4', 'E4', 'F#4', 'G4']","[0, 0, 2, 0, 1, 0, 1, 1, 0, 1, 0, 1]"
260.5,<music21.chord.Chord A4 F#4 D4 D3>,"[0, 4, 7]","[2, 6, 9]","[0, 4, 7]",69,50,String Quartet Op1 No3 ii D major.mid,Haydn,7,major,"[7, 11, 2]_7",0.919321743,"['A4', 'F#4', 'D4', 'D3']",260.0 to 260.875,"[2, 4, 6, 7, 9, 11]","['A4', 'B4', 'D3', 'D4', 'E4', 'F#4', 'G4']","[0, 0, 2, 0, 1, 0, 1, 1, 0, 1, 0, 1]"
260.625,<music21.chord.Chord D4 D3>,[0],[2],[0],62,50,String Quartet Op1 No3 ii D major.mid,Haydn,7,major,[7]_7,0.919321743,"['D4', 'D3']",260.0 to 260.875,"[2, 4, 6, 7, 9, 11]","['A4', 'B4', 'D3', 'D4', 'E4', 'F#4', 'G4']","[0, 0, 2, 0, 1, 0, 1, 1, 0, 1, 0, 1]"
260.6666667,<music21.chord.Chord G4 E4 D4 D3>,"[0, 2, 5]","[2, 4, 7]","[0, 2, 5]",67,50,String Quartet Op1 No3 ii D major.mid,Haydn,7,major,"[7, 9, 0]_7",0.919321743,"['G4', 'E4', 'D4', 'D3']",260.0 to 260.875,"[2, 4, 6, 7, 9, 11]","['A4', 'B4', 'D3', 'D4', 'E4', 'F#4', 'G4']","[0, 0, 2, 0, 1, 0, 1, 1, 0, 1, 0, 1]"
260.7916667,<music21.chord.Chord D4 D3>,[0],[2],[0],62,50,String Quartet Op1 No3 ii D major.mid,Haydn,7,major,[7]_7,0.919321743,"['D4', 'D3']",260.0 to 260.875,"[2, 4, 6, 7, 9, 11]","['A4', 'B4', 'D3', 'D4', 'E4', 'F#4', 'G4']","[0, 0, 2, 0, 1, 0, 1, 1, 0, 1, 0, 1]"
260.875,<music21.chord.Chord A4 F#4>,"[0, 3]","[6, 9]","[4, 7]",69,66,String Quartet Op1 No3 ii D major.mid,Haydn,7,major,"[11, 2]_11",0.919321743,"['A4', 'F#4']",260.0 to 260.875,"[2, 4, 6, 7, 9, 11]","['A4', 'B4', 'D3', 'D4', 'E4', 'F#4', 'G4']","[0, 0, 2, 0, 1, 0, 1, 1, 0, 1, 0, 1]"
261.0,<music21.chord.Chord G4 G3>,[0],[7],[5],67,55,String Quartet Op1 No3 ii D major.mid,Haydn,7,major,[0]_0,0.919321743,"['G4', 'G3']",261.0 to 261.875,[7],"['G3', 'G4']","[0, 0, 0, 0, 0, 0, 0, 2, 0, 0, 0, 0]"
261.875,<music21.chord.Chord G4>,[0],[7],[5],67,67,String Quartet Op1 No3 ii D major.mid,Haydn,7,major,[0]_0,0.873648014,['G4'],261.0 to 261.875,[7],"['G3', 'G4']","[0, 0, 0, 0, 0, 0, 0, 2, 0, 0, 0, 0]"
262.0,<music21.chord.Chord G4 D4 D3>,"[0, 5]","[2, 7]","[0, 5]",67,50,String Quartet Op1 No3 ii D major.mid,Haydn,7,major,"[7, 0]_7",0.873648014,"['G4', 'D4', 'D3']",262.0 to 262.75,"[2, 7]","['D3', 'D4', 'G4']","[0, 0, 2, 0, 0, 0, 0, 1, 0, 0, 0, 0]"
262.75,<music21.chord.Chord D4 D3>,[0],[2],[0],62,50,String Quartet Op1 No3 ii D major.mid,Haydn,7,major,[7]_7,0.838424783,"['D4', 'D3']",262.0 to 262.75,"[2, 7]","['D3', 'D4', 'G4']","[0, 0, 2, 0, 0, 0, 0, 1, 0, 0, 0, 0]"
263.0,<music21.chord.Chord G3 G2>,[0],[7],[5],55,43,String Quartet Op1 No3 ii D major.mid,Haydn,7,major,[0]_0,0.838424783,"['G3', 'G2']",263.0 to 263.0,[7],"['G2', 'G3']","[0, 0, 0, 0, 0, 0, 0, 2, 0, 0, 0, 0]"
